contractSymbol,lastTradeDate,strike,lastPrice,bid,ask,change,percentChange,volume,openInterest,impliedVolatility,inTheMoney,contractSize,currency
SNAP231117C00001000,2023-11-14 16:26:54+00:00,1.0,11.2,10.65,11.2,1.9200001,20.689657,1.0,1.0,11.875002578125,True,REGULAR,USD
SNAP231117C00003000,2023-11-09 15:06:58+00:00,3.0,8.47,8.65,9.2,0.0,0.0,2.0,4.0,6.562501796875001,True,REGULAR,USD
SNAP231117C00004000,2023-10-26 18:01:55+00:00,4.0,5.2,8.1,8.2,0.0,0.0,7.0,8.0,5.250003437499999,True,REGULAR,USD
SNAP231117C00004500,2023-10-26 18:40:22+00:00,4.5,4.9,7.6,7.7,0.0,0.0,,6.0,4.7500040624999995,True,REGULAR,USD
SNAP231117C00005000,2023-11-09 18:34:34+00:00,5.0,6.36,6.8,7.2,0.0,0.0,3.0,41.0,4.2500046875,True,REGULAR,USD
SNAP231117C00005500,2023-11-02 19:33:54+00:00,5.5,4.95,6.65,6.7,0.0,0.0,2.0,11.0,3.0000025,True,REGULAR,USD
SNAP231117C00006000,2023-11-02 19:33:54+00:00,6.0,4.47,6.05,6.2,0.0,0.0,5.0,39.0,3.468751328125,True,REGULAR,USD
SNAP231117C00006500,2023-11-02 16:17:16+00:00,6.5,3.92,5.6,5.7,0.0,0.0,3.0,33.0,3.1250021875,True,REGULAR,USD
SNAP231117C00007000,2023-11-08 18:57:29+00:00,7.0,3.99,4.55,5.2,0.0,0.0,1.0,81.0,2.7812530468750003,True,REGULAR,USD
SNAP231117C00007500,2023-11-13 15:42:29+00:00,7.5,3.7,4.65,4.7,0.0,0.0,1.0,40.0,1.875000625,True,REGULAR,USD
SNAP231117C00008000,2023-11-09 19:06:35+00:00,8.0,4.25,4.15,4.2,0.9000001,26.865675,1.0,664.0,1.6875015625,True,REGULAR,USD
SNAP231117C00008500,2023-11-10 17:13:23+00:00,8.5,3.75,3.65,3.7,1.05,38.888885,2.0,292.0,1.4375028125,True,REGULAR,USD
SNAP231117C00009000,2023-11-14 16:30:54+00:00,9.0,3.23,3.15,3.25,0.93000007,40.434788,45.0,27439.0,1.65625171875,True,REGULAR,USD
SNAP231117C00009500,2023-11-14 16:43:15+00:00,9.5,2.74,2.67,2.71,0.96000004,53.932587,15.0,3219.0,1.2968785156249998,True,REGULAR,USD
SNAP231117C00010000,2023-11-14 17:00:24+00:00,10.0,2.17,2.15,2.18,0.83000004,61.9403,716.0,42117.0,0.937500625,True,REGULAR,USD
SNAP231117C00010500,2023-11-14 16:20:54+00:00,10.5,1.75,1.67,1.71,0.9,105.88235,108.0,5587.0,0.8437515624999999,True,REGULAR,USD
SNAP231117C00011000,2023-11-14 17:22:45+00:00,11.0,1.19,1.18,1.2,0.76000005,176.7442,5289.0,25941.0,0.6250037500000001,True,REGULAR,USD
SNAP231117C00011500,2023-11-14 17:22:05+00:00,11.5,0.73,0.71,0.75,0.57000005,356.2501,892.0,11538.0,0.5546919531250001,True,REGULAR,USD
SNAP231117C00012000,2023-11-14 17:22:50+00:00,12.0,0.36,0.35,0.36,0.31,620.0,27980.0,75165.0,0.51562984375,True,REGULAR,USD
SNAP231117C00012500,2023-11-14 17:21:45+00:00,12.5,0.15,0.14,0.15,0.13000001,650.00006,15193.0,1471.0,0.5429733203125001,False,REGULAR,USD
SNAP231117C00013000,2023-11-14 17:17:15+00:00,13.0,0.07,0.06,0.07,0.05,250.0,3417.0,6784.0,0.6171913281250001,False,REGULAR,USD
SNAP231117C00013500,2023-11-14 17:20:07+00:00,13.5,0.04,0.03,0.04,0.02,100.0,1344.0,2584.0,0.710940390625,False,REGULAR,USD
SNAP231117C00014000,2023-11-14 17:21:00+00:00,14.0,0.03,0.02,0.03,0.02,200.0,336.0,3719.0,0.8281267187499999,False,REGULAR,USD
SNAP231117C00014500,2023-11-14 15:27:14+00:00,14.5,0.02,0.01,0.02,0.01,100.0,85.0,1518.0,0.9062509375,False,REGULAR,USD
SNAP231117C00015000,2023-11-14 16:01:47+00:00,15.0,0.01,0.01,0.02,0.0,0.0,253.0,4330.0,1.0312548437500002,False,REGULAR,USD
SNAP231117C00015500,2023-11-14 16:41:37+00:00,15.5,0.01,0.01,0.02,0.0,0.0,327.0,558.0,1.15625421875,False,REGULAR,USD
SNAP231117C00016000,2023-11-02 13:31:00+00:00,16.0,0.01,0.0,0.01,0.0,0.0,14.0,2665.0,1.125004375,False,REGULAR,USD
SNAP231117C00017000,2023-11-06 14:32:06+00:00,17.0,0.01,0.0,0.01,0.0,0.0,3.0,435.0,1.3125034374999998,False,REGULAR,USD
SNAP231117C00018000,2023-11-10 15:21:04+00:00,18.0,0.02,0.0,0.02,0.0,0.0,1.0,1387.0,1.625001875,False,REGULAR,USD
SNAP231117C00019000,2023-10-25 13:49:49+00:00,19.0,0.01,0.0,0.01,0.0,0.0,51.0,2415.0,1.6875015625,False,REGULAR,USD
SNAP231117P00001000,2023-09-05 19:39:42+00:00,1.0,0.01,0.0,0.02,0.0,0.0,2.0,0.0,10.000003750000001,False,REGULAR,USD
SNAP231117P00003000,2023-10-10 17:27:06+00:00,3.0,0.01,0.0,0.02,0.0,0.0,1.0,1.0,5.62500296875,False,REGULAR,USD
SNAP231117P00004000,2023-10-25 13:32:51+00:00,4.0,0.02,0.0,0.01,0.0,0.0,2.0,480.0,4.12500484375,False,REGULAR,USD
SNAP231117P00004500,2023-10-23 14:37:53+00:00,4.5,0.02,0.0,0.01,0.0,0.0,,4.0,3.750000625,False,REGULAR,USD
SNAP231117P00005000,2023-10-27 13:55:13+00:00,5.0,0.01,0.0,0.01,0.0,0.0,2.0,756.0,3.3750015624999996,False,REGULAR,USD
SNAP231117P00005500,2023-10-25 13:30:24+00:00,5.5,0.14,0.0,0.01,0.0,0.0,,82.0,3.0000025,False,REGULAR,USD
SNAP231117P00006000,2023-11-03 19:14:23+00:00,6.0,0.01,0.0,0.01,0.0,0.0,18.0,3877.0,2.750003125,False,REGULAR,USD
SNAP231117P00006500,2023-11-02 19:33:54+00:00,6.5,0.01,0.0,0.01,0.0,0.0,5.0,179.0,2.3750040624999995,False,REGULAR,USD
SNAP231117P00007000,2023-11-13 20:40:38+00:00,7.0,0.01,0.0,0.01,0.0,0.0,30.0,13407.0,2.1250046874999997,False,REGULAR,USD
SNAP231117P00007500,2023-11-13 16:26:24+00:00,7.5,0.01,0.0,0.01,0.0,0.0,4.0,411.0,1.875000625,False,REGULAR,USD
SNAP231117P00008000,2023-11-14 14:55:55+00:00,8.0,0.01,0.0,0.01,0.0,0.0,21.0,11259.0,1.6875015625,False,REGULAR,USD
SNAP231117P00008500,2023-11-07 20:47:52+00:00,8.5,0.01,0.0,0.01,0.0,0.0,63.0,668.0,1.4375028125,False,REGULAR,USD
SNAP231117P00009000,2023-11-13 20:38:13+00:00,9.0,0.01,0.0,0.01,0.0,0.0,37.0,33675.0,1.2500037499999999,False,REGULAR,USD
SNAP231117P00009500,2023-11-13 15:15:46+00:00,9.5,0.01,0.0,0.01,0.0,0.0,345.0,2158.0,1.0625046875000002,False,REGULAR,USD
SNAP231117P00010000,2023-11-14 15:21:19+00:00,10.0,0.01,0.0,0.01,0.0,0.0,144.0,15181.0,0.87500125,False,REGULAR,USD
SNAP231117P00010500,2023-11-14 17:06:20+00:00,10.5,0.01,0.0,0.01,-0.02,-66.66667,97.0,3198.0,0.6562534375000001,False,REGULAR,USD
SNAP231117P00011000,2023-11-14 16:36:40+00:00,11.0,0.02,0.01,0.02,-0.09,-81.818184,495.0,5493.0,0.5937540625000001,False,REGULAR,USD
SNAP231117P00011500,2023-11-14 17:17:04+00:00,11.5,0.05,0.04,0.05,-0.29999998,-85.71428,748.0,1432.0,0.500005,False,REGULAR,USD
SNAP231117P00012000,2023-11-14 17:14:33+00:00,12.0,0.19,0.17,0.18,-0.6,-75.94937,3909.0,732.0,0.507817421875,False,REGULAR,USD
SNAP231117P00012500,2023-11-14 17:07:31+00:00,12.5,0.47,0.45,0.47,-1.03,-68.666664,670.0,50.0,0.5117236328125,True,REGULAR,USD
SNAP231117P00013000,2023-11-14 17:01:51+00:00,13.0,0.86,0.86,0.9,-0.89,-50.857143,69.0,159.0,0.570316796875,True,REGULAR,USD
SNAP231117P00013500,2023-11-14 14:50:47+00:00,13.5,1.25,1.33,1.38,-1.53,-55.035973,10.0,3.0,0.6562534375000001,True,REGULAR,USD
SNAP231117P00014000,2023-11-14 14:45:23+00:00,14.0,1.71,1.83,1.87,-1.3399999,-43.93442,3.0,24.0,0.79687703125,True,REGULAR,USD
SNAP231117P00014500,2023-11-14 15:57:47+00:00,14.5,2.37,2.32,2.34,-0.83000016,-25.937504,18.0,0.0,0.500005,True,REGULAR,USD
SNAP231117P00015000,2023-11-09 14:45:44+00:00,15.0,3.45,2.81,2.84,0.0,0.0,1.0,1.0,0.9687503125,True,REGULAR,USD
SNAP231117P00015500,2023-10-23 14:54:30+00:00,15.5,5.85,3.3,3.35,0.0,0.0,,0.0,1.21875390625,True,REGULAR,USD
SNAP231117P00016000,2023-11-14 16:08:18+00:00,16.0,3.8,3.8,3.9,-2.6000001,-40.625004,2.0,0.0,1.3437532812499997,True,REGULAR,USD
SNAP231117P00017000,2023-10-20 16:17:01+00:00,17.0,7.7,4.8,4.9,0.0,0.0,93.0,0.0,1.5937520312499998,True,REGULAR,USD
SNAP231117P00018000,2023-10-09 18:17:34+00:00,18.0,9.4,6.7,6.85,0.0,0.0,9.0,0.0,4.878910151367187,True,REGULAR,USD
SNAP231117P00019000,2023-11-01 13:33:24+00:00,19.0,8.95,6.8,6.85,0.0,0.0,1.0,0.0,2.031254921875,True,REGULAR,USD
SNAP231124C00004500,2023-10-24 13:32:32+00:00,4.5,5.21,7.5,7.75,0.0,0.0,5.0,15.0,3.406251484375,True,REGULAR,USD
SNAP231124C00006500,2023-10-19 17:10:48+00:00,6.5,3.5,5.55,5.75,0.0,0.0,1.0,1.0,2.2578168554687497,True,REGULAR,USD
SNAP231124C00007000,2023-11-06 18:39:57+00:00,7.0,3.71,5.15,5.25,0.0,0.0,1.0,3.0,1.6875015625,True,REGULAR,USD
SNAP231124C00007500,2023-10-25 16:42:59+00:00,7.5,2.09,4.65,4.7,0.0,0.0,1.0,4.0,1.125004375,True,REGULAR,USD
SNAP231124C00008000,2023-11-02 16:12:41+00:00,8.0,2.45,4.1,4.2,0.0,0.0,12.0,4.0,1.3281283593749997,True,REGULAR,USD
SNAP231124C00008500,2023-11-07 16:18:51+00:00,8.5,2.46,3.65,3.75,0.0,0.0,8.0,45.0,1.15625421875,True,REGULAR,USD
SNAP231124C00009000,2023-11-14 16:34:08+00:00,9.0,3.25,3.15,3.2,0.97,42.54386,13.0,357.0,0.7500025,True,REGULAR,USD
SNAP231124C00009500,2023-11-14 16:35:55+00:00,9.5,2.75,2.67,2.7,0.85,44.736843,7.0,378.0,0.7500025,True,REGULAR,USD
SNAP231124C00010000,2023-11-14 17:15:54+00:00,10.0,2.18,2.18,2.23,0.81000006,59.124092,58.0,1400.0,0.7187528125,True,REGULAR,USD
SNAP231124C00010500,2023-11-14 17:00:24+00:00,10.5,1.73,1.66,1.71,0.84000003,94.38203,27.0,1282.0,0.5937540625000001,True,REGULAR,USD
SNAP231124C00011000,2023-11-14 17:00:27+00:00,11.0,1.25,1.21,1.25,0.72,135.84906,361.0,3251.0,0.500005,True,REGULAR,USD
SNAP231124C00011500,2023-11-14 16:42:03+00:00,11.5,0.86,0.79,0.82,0.6,230.76926,213.0,1167.0,0.48633326171875,True,REGULAR,USD
SNAP231124C00012000,2023-11-14 17:07:57+00:00,12.0,0.44,0.46,0.48,0.32,266.66666,933.0,1934.0,0.46484910156250003,True,REGULAR,USD
SNAP231124C00012500,2023-11-14 17:18:06+00:00,12.5,0.25,0.24,0.25,0.19,316.66666,2609.0,242.0,0.46094289062500005,False,REGULAR,USD
SNAP231124C00013000,2023-11-14 16:32:38+00:00,13.0,0.14,0.12,0.13,0.09,180.0,840.0,762.0,0.48438015625,False,REGULAR,USD
SNAP231124C00013500,2023-11-14 17:21:22+00:00,13.5,0.08,0.07,0.08,0.06,300.0,475.0,59.0,0.5273484765625001,False,REGULAR,USD
SNAP231124C00014000,2023-11-14 16:09:10+00:00,14.0,0.05,0.04,0.05,0.020000001,66.66667,233.0,698.0,0.570316796875,False,REGULAR,USD
SNAP231124C00015000,2023-11-14 14:33:38+00:00,15.0,0.02,0.02,0.03,0.01,100.0,6.0,756.0,0.6875031250000001,False,REGULAR,USD
SNAP231124C00016000,2023-11-07 15:44:29+00:00,16.0,0.01,0.01,0.02,0.0,0.0,2.0,16.0,0.7812521875,False,REGULAR,USD
SNAP231124C00017500,2023-10-25 14:39:32+00:00,17.5,0.01,0.0,0.01,-0.01,-50.0,100.0,20.0,0.8437515624999999,False,REGULAR,USD
SNAP231124P00004500,2023-10-24 13:33:01+00:00,4.5,0.02,0.0,0.01,0.0,0.0,1.0,126.0,2.2500043749999996,False,REGULAR,USD
SNAP231124P00005000,2023-10-26 14:31:45+00:00,5.0,0.01,0.0,0.01,0.0,0.0,10.0,11.0,2.000005,False,REGULAR,USD
SNAP231124P00005500,2023-10-31 19:50:28+00:00,5.5,0.01,0.0,0.01,0.0,0.0,10.0,310.0,1.8125009374999999,False,REGULAR,USD
SNAP231124P00006000,2023-11-13 20:35:54+00:00,6.0,0.01,0.0,0.01,0.0,0.0,12.0,125.0,1.625001875,False,REGULAR,USD
SNAP231124P00006500,2023-10-25 13:30:22+00:00,6.5,0.05,0.0,0.01,0.0,0.0,1.0,12.0,1.4375028125,False,REGULAR,USD
SNAP231124P00007000,2023-11-13 19:22:22+00:00,7.0,0.01,0.0,0.01,0.0,0.0,1.0,95.0,1.3125034374999998,False,REGULAR,USD
SNAP231124P00007500,2023-11-07 15:34:46+00:00,7.5,0.01,0.0,0.02,0.0,0.0,36.0,467.0,1.2500037499999999,False,REGULAR,USD
SNAP231124P00008000,2023-11-13 15:18:54+00:00,8.0,0.01,0.0,0.02,0.0,0.0,9.0,176.0,1.125004375,False,REGULAR,USD
SNAP231124P00008500,2023-11-13 16:36:19+00:00,8.5,0.01,0.0,0.02,0.0,0.0,1.0,155.0,0.9687503125,False,REGULAR,USD
SNAP231124P00009000,2023-11-13 20:20:21+00:00,9.0,0.02,0.0,0.02,0.01,100.0,2.0,157.0,0.8281267187499999,False,REGULAR,USD
SNAP231124P00009500,2023-11-14 15:41:28+00:00,9.5,0.01,0.0,0.01,-0.01,-50.0,13.0,582.0,0.6250037500000001,False,REGULAR,USD
SNAP231124P00010000,2023-11-14 17:13:26+00:00,10.0,0.01,0.01,0.02,-0.03,-75.0,130.0,1517.0,0.6093789062500001,False,REGULAR,USD
SNAP231124P00010500,2023-11-14 16:08:39+00:00,10.5,0.03,0.02,0.03,-0.060000002,-66.66667,147.0,5765.0,0.5312546875,False,REGULAR,USD
SNAP231124P00011000,2023-11-14 16:58:06+00:00,11.0,0.05,0.04,0.05,-0.16,-76.190475,160.0,1404.0,0.4726615234375,False,REGULAR,USD
SNAP231124P00011500,2023-11-14 17:20:50+00:00,11.5,0.13,0.11,0.12,-0.31,-70.454544,504.0,342.0,0.43945873046875,False,REGULAR,USD
SNAP231124P00012000,2023-11-14 17:23:10+00:00,12.0,0.27,0.27,0.28,-0.6,-68.965515,847.0,31.0,0.42969320312500003,False,REGULAR,USD
SNAP231124P00012500,2023-11-14 17:16:31+00:00,12.5,0.58,0.54,0.56,-2.8200002,-82.941185,437.0,10.0,0.43555251953125,True,REGULAR,USD
SNAP231124P00013500,2023-11-14 17:14:05+00:00,13.5,1.42,1.36,1.4,-0.5500001,-27.918785,5.0,1.0,0.51562984375,True,REGULAR,USD
SNAP231124P00014000,2023-11-14 15:16:04+00:00,14.0,1.78,1.83,1.88,-0.78999996,-30.7393,1.0,1.0,0.500005,True,REGULAR,USD
SNAP231124P00014500,2023-11-07 15:32:41+00:00,14.5,3.59,2.34,2.38,0.0,0.0,,1.0,0.6171913281250001,True,REGULAR,USD
SNAP231124P00015000,2023-11-14 15:14:22+00:00,15.0,2.75,2.82,2.86,-1.0,-26.666666,2.0,8.0,0.5937540625000001,True,REGULAR,USD
SNAP231124P00017500,2023-10-26 18:00:42+00:00,17.5,8.3,5.3,5.4,0.0,0.0,,0.0,1.0312548437500002,True,REGULAR,USD
SNAP231201C00003000,2023-11-01 19:52:55+00:00,3.0,6.95,9.1,9.25,0.0,0.0,5.0,5.0,2.43750390625,True,REGULAR,USD
SNAP231201C00004500,2023-10-25 17:59:33+00:00,4.5,4.77,7.6,7.75,0.0,0.0,,0.0,1.75000125,True,REGULAR,USD
SNAP231201C00007000,2023-11-01 13:42:27+00:00,7.0,3.05,5.15,5.25,0.0,0.0,1.0,2.0,1.3125034374999998,True,REGULAR,USD
SNAP231201C00007500,2023-11-14 15:08:41+00:00,7.5,4.85,4.65,4.75,1.5,44.77612,2.0,2.0,1.171879140625,True,REGULAR,USD
SNAP231201C00008000,2023-11-13 18:39:26+00:00,8.0,3.28,4.15,4.25,0.0,0.0,4.0,215.0,1.0312548437500002,True,REGULAR,USD
SNAP231201C00008500,2023-11-09 18:05:12+00:00,8.5,2.95,3.65,3.75,0.0,0.0,1.0,10.0,0.9062509375,True,REGULAR,USD
SNAP231201C00009000,2023-11-14 15:33:57+00:00,9.0,3.26,3.15,3.25,0.9100001,38.723408,2.0,59.0,0.7812521875,True,REGULAR,USD
SNAP231201C00009500,2023-11-14 16:32:37+00:00,9.5,2.76,2.68,2.72,0.92999995,50.819668,15.0,718.0,0.6640658593750002,True,REGULAR,USD
SNAP231201C00010000,2023-11-14 15:21:56+00:00,10.0,2.23,2.2,2.24,0.8000001,55.944065,23.0,1287.0,0.6132851171875001,True,REGULAR,USD
SNAP231201C00010500,2023-11-14 16:05:40+00:00,10.5,1.83,1.73,1.76,0.88000005,92.63159,10.0,737.0,0.5468795312500001,True,REGULAR,USD
SNAP231201C00011000,2023-11-14 17:03:03+00:00,11.0,1.32,1.28,1.33,0.68000007,106.250015,269.0,2927.0,0.5117236328125,True,REGULAR,USD
SNAP231201C00011500,2023-11-14 16:41:36+00:00,11.5,0.94,0.89,0.92,0.59000003,168.57146,77.0,1632.0,0.49414568359375005,True,REGULAR,USD
SNAP231201C00012000,2023-11-14 16:27:13+00:00,12.0,0.59,0.57,0.59,0.39,195.00002,196.0,786.0,0.46680220703125,True,REGULAR,USD
SNAP231201C00012500,2023-11-14 17:12:33+00:00,12.5,0.36,0.34,0.36,0.26000002,260.00003,342.0,568.0,0.46484910156250003,False,REGULAR,USD
SNAP231201C00013000,2023-11-14 17:19:50+00:00,13.0,0.21,0.2,0.21,0.14999999,250.0,526.0,266.0,0.47070841796875,False,REGULAR,USD
SNAP231201C00013500,2023-11-14 16:38:07+00:00,13.5,0.13,0.12,0.13,0.089999996,225.0,76.0,285.0,0.49414568359375005,False,REGULAR,USD
SNAP231201C00014000,2023-11-14 16:02:17+00:00,14.0,0.09,0.07,0.08,0.060000002,199.99998,116.0,130.0,0.507817421875,False,REGULAR,USD
SNAP231201C00015000,2023-11-14 16:56:29+00:00,15.0,0.05,0.03,0.04,0.020000001,66.66668,20.0,70.0,0.570316796875,False,REGULAR,USD
SNAP231201C00016000,2023-11-14 14:42:08+00:00,16.0,0.03,0.02,0.03,0.02,200.0,1.0,39.0,0.6640658593750002,False,REGULAR,USD
SNAP231201C00017500,2023-11-06 14:32:06+00:00,17.5,0.01,0.01,0.02,0.0,0.0,1.0,55.0,0.7656273437500001,False,REGULAR,USD
SNAP231201P00004500,2023-10-24 13:32:50+00:00,4.5,0.02,0.0,0.02,0.0,0.0,,1.0,1.9062504687500001,False,REGULAR,USD
SNAP231201P00005000,2023-10-26 14:31:34+00:00,5.0,0.01,0.0,0.02,0.0,0.0,,119.0,1.71875140625,False,REGULAR,USD
SNAP231201P00005500,2023-10-13 18:46:07+00:00,5.5,0.09,0.0,0.04,0.0,0.0,,1.0,1.71875140625,False,REGULAR,USD
SNAP231201P00006000,2023-11-02 13:30:59+00:00,6.0,0.01,0.0,0.02,0.0,0.0,10.0,49.0,1.3750031249999999,False,REGULAR,USD
SNAP231201P00006500,2023-11-02 15:33:49+00:00,6.5,0.02,0.0,0.06,0.0,0.0,10.0,5.0,1.46875265625,False,REGULAR,USD
SNAP231201P00007000,2023-11-09 15:18:14+00:00,7.0,0.01,0.0,0.03,0.0,0.0,1.0,84.0,1.1875040625,False,REGULAR,USD
SNAP231201P00007500,2023-11-09 20:52:40+00:00,7.5,0.01,0.0,0.05,0.0,0.0,51.0,1406.0,1.140629296875,False,REGULAR,USD
SNAP231201P00008000,2023-11-13 20:52:45+00:00,8.0,0.01,0.0,0.07,0.0,0.0,50.0,399.0,1.0625046875000002,False,REGULAR,USD
SNAP231201P00008500,2023-11-10 14:42:25+00:00,8.5,0.03,0.01,0.02,0.0,0.0,2.0,1421.0,0.8125018749999999,False,REGULAR,USD
SNAP231201P00009000,2023-11-14 16:25:55+00:00,9.0,0.01,0.01,0.02,-0.03,-75.0,27.0,105.0,0.6875031250000001,False,REGULAR,USD
SNAP231201P00009500,2023-11-14 16:40:37+00:00,9.5,0.02,0.01,0.02,-0.02,-50.0,34.0,272.0,0.57812921875,False,REGULAR,USD
SNAP231201P00010000,2023-11-14 15:33:10+00:00,10.0,0.03,0.02,0.04,-0.04,-57.142857,11.0,327.0,0.5468795312500001,False,REGULAR,USD
SNAP231201P00010500,2023-11-14 16:25:55+00:00,10.5,0.06,0.05,0.06,-0.08,-57.142853,29.0,473.0,0.5039112109375,False,REGULAR,USD
SNAP231201P00011000,2023-11-14 17:01:23+00:00,11.0,0.11,0.09,0.11,-0.17999999,-62.068966,216.0,259.0,0.476567734375,False,REGULAR,USD
SNAP231201P00011500,2023-11-14 17:15:20+00:00,11.5,0.21,0.19,0.2,-0.32,-60.37736,626.0,230.0,0.437505625,False,REGULAR,USD
SNAP231201P00012000,2023-11-14 17:16:12+00:00,12.0,0.39,0.38,0.39,-0.49,-55.68182,2280.0,100.0,0.43945873046875,False,REGULAR,USD
SNAP231201P00012500,2023-11-14 15:59:20+00:00,12.5,0.67,0.63,0.66,-0.44,-39.63964,62.0,14.0,0.437505625,True,REGULAR,USD
SNAP231201P00013000,2023-11-14 16:27:51+00:00,13.0,0.99,1.0,1.04,-0.85,-46.195652,47.0,16.0,0.47070841796875,True,REGULAR,USD
SNAP231201P00013500,2023-11-14 15:22:12+00:00,13.5,1.44,1.39,1.46,-0.74,-33.944954,1.0,21.0,0.49414568359375005,True,REGULAR,USD
SNAP231201P00015000,2023-11-07 20:03:41+00:00,15.0,4.1,2.82,2.86,0.0,0.0,1.0,1.0,0.5546919531250001,True,REGULAR,USD
SNAP231201P00016000,2023-10-30 14:12:02+00:00,16.0,6.45,3.8,3.85,0.0,0.0,1.0,0.0,0.64062859375,True,REGULAR,USD
SNAP231201P00017500,2023-10-26 13:45:12+00:00,17.5,8.37,5.3,5.4,0.0,0.0,1.0,0.0,0.804689453125,True,REGULAR,USD
SNAP231208C00007500,2023-11-02 13:59:19+00:00,7.5,2.9,4.65,4.75,0.0,0.0,10.0,5.0,0.992187578125,True,REGULAR,USD
SNAP231208C00008000,2023-11-01 17:53:37+00:00,8.0,2.05,4.15,4.25,0.0,0.0,1.0,1.0,0.87500125,True,REGULAR,USD
SNAP231208C00008500,2023-11-10 18:54:46+00:00,8.5,2.82,3.55,3.75,0.0,0.0,1.0,24.0,0.937500625,True,REGULAR,USD
SNAP231208C00009000,2023-11-10 20:50:44+00:00,9.0,2.39,3.15,3.25,0.0,0.0,2.0,1291.0,0.6640658593750002,True,REGULAR,USD
SNAP231208C00009500,2023-11-14 16:40:39+00:00,9.5,2.79,2.72,2.77,0.9599999,52.45901,52.0,103.0,0.6875031250000001,True,REGULAR,USD
SNAP231208C00010000,2023-11-14 16:30:06+00:00,10.0,2.31,2.23,2.27,0.8399999,57.14285,7.0,262.0,0.585941640625,True,REGULAR,USD
SNAP231208C00010500,2023-11-14 16:25:26+00:00,10.5,1.89,1.77,1.81,0.9,90.90909,3.0,502.0,0.5371140039062501,True,REGULAR,USD
SNAP231208C00011000,2023-11-14 16:38:19+00:00,11.0,1.41,1.34,1.38,0.72999996,107.35293,14.0,285.0,0.500005,True,REGULAR,USD
SNAP231208C00011500,2023-11-14 16:25:26+00:00,11.5,1.07,0.96,0.99,0.61,132.6087,17.0,184.0,0.48242705078125003,True,REGULAR,USD
SNAP231208C00012000,2023-11-14 17:11:17+00:00,12.0,0.67,0.64,0.68,0.39000002,139.28572,142.0,1540.0,0.4687553125,True,REGULAR,USD
SNAP231208C00012500,2023-11-14 17:03:03+00:00,12.5,0.45,0.43,0.44,0.27999997,164.70584,314.0,378.0,0.45898978515625005,False,REGULAR,USD
SNAP231208C00013000,2023-11-14 16:06:26+00:00,13.0,0.3,0.27,0.29,0.21000001,233.33333,390.0,906.0,0.47070841796875,False,REGULAR,USD
SNAP231208C00013500,2023-11-14 16:22:12+00:00,13.5,0.2,0.17,0.18,0.14,233.33334,156.0,100.0,0.47461462890625,False,REGULAR,USD
SNAP231208C00014000,2023-11-14 15:39:46+00:00,14.0,0.13,0.11,0.12,0.08,159.99998,49.0,137.0,0.49414568359375005,False,REGULAR,USD
SNAP231208C00015000,2023-11-14 15:35:51+00:00,15.0,0.07,0.05,0.06,0.030000001,75.00001,16.0,145.0,0.5312546875,False,REGULAR,USD
SNAP231208C00016000,2023-11-14 16:18:50+00:00,16.0,0.04,0.03,0.04,0.02,100.0,7.0,21.0,0.5937540625000001,False,REGULAR,USD
SNAP231208C00017500,2023-11-14 15:23:34+00:00,17.5,0.02,0.02,0.03,0.01,100.0,100.0,5.0,0.70312796875,False,REGULAR,USD
SNAP231208P00006500,2023-11-03 15:28:22+00:00,6.5,0.01,0.0,0.02,0.0,0.0,50.0,50.0,1.0625046875000002,False,REGULAR,USD
SNAP231208P00007000,2023-10-30 14:54:00+00:00,7.0,0.05,0.0,0.02,0.0,0.0,12.0,12.0,0.937500625,False,REGULAR,USD
SNAP231208P00007500,2023-11-07 16:51:52+00:00,7.5,0.02,0.0,0.03,0.0,0.0,10.0,42.0,0.8906260937499999,False,REGULAR,USD
SNAP231208P00008000,2023-11-14 15:01:54+00:00,8.0,0.01,0.01,0.02,-0.01,-50.0,4.0,94.0,0.7812521875,False,REGULAR,USD
SNAP231208P00008500,2023-11-09 20:51:45+00:00,8.5,0.03,0.01,0.02,0.0,0.0,4.0,75.0,0.6875031250000001,False,REGULAR,USD
SNAP231208P00009000,2023-11-13 14:30:09+00:00,9.0,0.03,0.02,0.03,-0.020000001,-40.000004,2.0,123.0,0.64062859375,False,REGULAR,USD
SNAP231208P00009500,2023-11-14 15:44:56+00:00,9.5,0.03,0.03,0.04,-0.049999997,-62.5,1.0,46.0,0.57812921875,False,REGULAR,USD
SNAP231208P00010000,2023-11-14 16:35:37+00:00,10.0,0.05,0.05,0.06,-0.06999999,-58.333332,628.0,1107.0,0.5312546875,False,REGULAR,USD
SNAP231208P00010500,2023-11-14 16:46:39+00:00,10.5,0.08,0.08,0.09,-0.13,-61.904762,556.0,664.0,0.49023947265625006,False,REGULAR,USD
SNAP231208P00011000,2023-11-14 15:54:03+00:00,11.0,0.16,0.15,0.16,-0.21000001,-56.75676,131.0,699.0,0.46484910156250003,False,REGULAR,USD
SNAP231208P00011500,2023-11-14 16:46:39+00:00,11.5,0.25,0.27,0.28,-0.36,-59.01639,14.0,343.0,0.44727115234375,False,REGULAR,USD
SNAP231208P00012000,2023-11-14 17:12:16+00:00,12.0,0.46,0.46,0.46,-0.53999996,-53.999996,34.0,23.0,0.428716650390625,False,REGULAR,USD
SNAP231208P00012500,2023-11-14 17:10:43+00:00,12.5,0.73,0.71,0.74,-0.49,-40.163933,58.0,9.0,0.43555251953125,True,REGULAR,USD
SNAP231208P00013000,2023-11-14 15:53:59+00:00,13.0,1.11,1.04,1.09,-2.04,-64.7619,2.0,19.0,0.445318046875,True,REGULAR,USD
SNAP231208P00015000,2023-11-09 20:03:16+00:00,15.0,3.75,2.85,2.89,0.0,0.0,,4.0,0.5429733203125001,True,REGULAR,USD
SNAP231215C00001000,2023-11-08 16:48:01+00:00,1.0,10.0,10.65,11.2,0.0,0.0,7.0,8.0,4.187504765625,True,REGULAR,USD
SNAP231215C00002000,2023-10-02 14:33:01+00:00,2.0,6.74,7.8,8.0,0.0,0.0,1.0,1.0,1.0000000000000003e-05,True,REGULAR,USD
SNAP231215C00003000,2023-10-31 13:31:33+00:00,3.0,6.9,9.1,9.2,0.0,0.0,12.0,13.0,2.3125042187499996,True,REGULAR,USD
SNAP231215C00004000,2023-11-02 17:54:44+00:00,4.0,6.4,8.1,8.2,0.0,0.0,1.0,4.0,1.859375703125,True,REGULAR,USD
SNAP231215C00005000,2023-10-16 19:28:05+00:00,5.0,4.8,7.15,7.25,0.0,0.0,1.0,1.0,1.5156274218749999,True,REGULAR,USD
SNAP231215C00006000,2023-11-03 13:53:20+00:00,6.0,4.8,6.15,6.25,0.0,0.0,5.0,61.0,1.2265663671875,True,REGULAR,USD
SNAP231215C00007000,2023-11-02 17:35:00+00:00,7.0,3.55,5.2,5.25,0.0,0.0,3.0,76.0,1.1015669921875002,True,REGULAR,USD
SNAP231215C00008000,2023-11-14 15:26:50+00:00,8.0,4.25,4.2,4.3,1.0,30.76923,1.0,977.0,0.945313046875,True,REGULAR,USD
SNAP231215C00009000,2023-11-14 17:09:48+00:00,9.0,3.25,3.2,3.3,0.80999994,33.196716,22.0,5905.0,0.7226590234375,True,REGULAR,USD
SNAP231215C00010000,2023-11-14 17:09:48+00:00,10.0,2.3,2.27,2.32,0.78,51.31579,128.0,15936.0,0.5898478515625001,True,REGULAR,USD
SNAP231215C00011000,2023-11-14 17:18:59+00:00,11.0,1.42,1.41,1.45,0.60999995,75.30864,176.0,35660.0,0.507817421875,True,REGULAR,USD
SNAP231215C00012000,2023-11-14 17:12:32+00:00,12.0,0.76,0.76,0.77,0.39999998,111.1111,3806.0,37167.0,0.47852083984375,True,REGULAR,USD
SNAP231215C00013000,2023-11-14 17:16:19+00:00,13.0,0.35,0.35,0.37,0.19999999,133.33331,967.0,8789.0,0.477544287109375,False,REGULAR,USD
SNAP231215C00014000,2023-11-14 17:06:37+00:00,14.0,0.17,0.16,0.18,0.09,112.5,431.0,1083.0,0.5019581054687501,False,REGULAR,USD
SNAP231215C00015000,2023-11-14 16:07:14+00:00,15.0,0.09,0.08,0.09,0.050000004,125.000015,53.0,928.0,0.523442265625,False,REGULAR,USD
SNAP231215C00016000,2023-11-14 14:42:10+00:00,16.0,0.07,0.05,0.06,0.030000001,75.00001,14.0,474.0,0.57812921875,False,REGULAR,USD
SNAP231215C00017000,2023-11-09 14:33:01+00:00,17.0,0.02,0.03,0.04,0.0,0.0,3.0,238.0,0.6171913281250001,False,REGULAR,USD
SNAP231215C00018000,2023-11-09 16:59:24+00:00,18.0,0.02,0.02,0.03,0.0,0.0,5.0,545.0,0.6640658593750002,False,REGULAR,USD
SNAP231215C00019000,2023-11-14 15:00:53+00:00,19.0,0.03,0.02,0.03,0.01,50.0,27.0,113.0,0.73437765625,False,REGULAR,USD
SNAP231215C00020000,2023-10-27 16:44:51+00:00,20.0,0.02,0.01,0.02,0.0,0.0,1.0,1.0,0.7500025,False,REGULAR,USD
SNAP231215P00001000,2023-10-26 15:15:59+00:00,1.0,0.01,0.0,0.01,0.0,0.0,,15.0,3.2500018749999997,False,REGULAR,USD
SNAP231215P00002000,2023-10-26 15:19:59+00:00,2.0,0.01,0.0,0.01,0.0,0.0,,7.0,2.3750040624999995,False,REGULAR,USD
SNAP231215P00004000,2023-10-24 19:58:35+00:00,4.0,0.03,0.0,0.02,0.0,0.0,1.0,123.0,1.5937520312499998,False,REGULAR,USD
SNAP231215P00005000,2023-11-13 16:20:15+00:00,5.0,0.02,0.0,0.02,0.0,0.0,1.0,565.0,1.2812535937499998,False,REGULAR,USD
SNAP231215P00006000,2023-11-09 15:27:48+00:00,6.0,0.01,0.01,0.02,0.0,0.0,1.0,1196.0,1.09375453125,False,REGULAR,USD
SNAP231215P00007000,2023-11-13 19:22:22+00:00,7.0,0.02,0.01,0.03,0.0,0.0,1.0,11157.0,0.92187578125,False,REGULAR,USD
SNAP231215P00008000,2023-11-14 16:36:55+00:00,8.0,0.01,0.01,0.02,-0.02,-66.66667,46.0,9820.0,0.6875031250000001,False,REGULAR,USD
SNAP231215P00009000,2023-11-14 16:36:55+00:00,9.0,0.03,0.03,0.04,-0.04,-57.142853,297.0,7232.0,0.6015664843750002,False,REGULAR,USD
SNAP231215P00010000,2023-11-14 16:58:23+00:00,10.0,0.08,0.07,0.08,-0.09,-52.941177,773.0,22502.0,0.507817421875,False,REGULAR,USD
SNAP231215P00011000,2023-11-14 16:58:23+00:00,11.0,0.21,0.2,0.21,-0.22000001,-51.162796,1122.0,8716.0,0.46094289062500005,False,REGULAR,USD
SNAP231215P00012000,2023-11-14 17:11:03+00:00,12.0,0.54,0.53,0.55,-0.45,-45.454544,1634.0,5122.0,0.44336494140625,False,REGULAR,USD
SNAP231215P00013000,2023-11-14 17:12:55+00:00,13.0,1.14,1.12,1.15,-0.82000005,-41.83674,267.0,48.0,0.43945873046875,True,REGULAR,USD
SNAP231215P00014000,2023-11-14 14:59:16+00:00,14.0,1.87,1.93,1.97,-0.83000004,-30.740742,36.0,28.0,0.46094289062500005,True,REGULAR,USD
SNAP231215P00015000,2023-11-06 14:46:20+00:00,15.0,2.84,2.86,2.91,-1.3199999,-31.730768,1.0,2.0,0.51562984375,True,REGULAR,USD
SNAP231215P00016000,2023-11-06 20:57:19+00:00,16.0,5.24,3.8,3.85,0.0,0.0,2.0,0.0,0.476567734375,True,REGULAR,USD
SNAP231215P00017000,2023-11-02 18:16:46+00:00,17.0,6.4,4.8,4.85,0.0,0.0,1.0,0.0,0.5625043750000001,True,REGULAR,USD
SNAP231215P00018000,2023-09-27 19:01:27+00:00,18.0,9.55,8.6,8.75,0.0,0.0,200.0,0.0,3.0898460253906244,True,REGULAR,USD
SNAP231222C00008500,2023-11-10 17:41:11+00:00,8.5,2.79,3.7,3.75,0.0,0.0,,17.0,0.6914093359375001,True,REGULAR,USD
SNAP231222C00009000,2023-11-08 15:55:35+00:00,9.0,2.14,3.05,3.3,0.0,0.0,8.0,11.0,0.7421900781249999,True,REGULAR,USD
SNAP231222C00009500,2023-11-10 20:25:13+00:00,9.5,1.99,2.77,2.85,0.0,0.0,2.0,8.0,0.6543003320312502,True,REGULAR,USD
SNAP231222C00010000,2023-11-14 14:35:26+00:00,10.0,2.48,2.31,2.34,0.9,56.962025,16.0,87.0,0.570316796875,True,REGULAR,USD
SNAP231222C00010500,2023-11-14 15:28:03+00:00,10.5,1.95,1.87,1.92,0.75,62.499996,3.0,175.0,0.5410202148437502,True,REGULAR,USD
SNAP231222C00011000,2023-11-14 15:07:47+00:00,11.0,1.55,1.46,1.5,0.72999996,89.02438,7.0,1469.0,0.500005,True,REGULAR,USD
SNAP231222C00011500,2023-11-14 16:38:19+00:00,11.5,1.17,1.1,1.13,0.59,101.72414,22.0,848.0,0.48438015625,True,REGULAR,USD
SNAP231222C00012000,2023-11-14 16:27:29+00:00,12.0,0.88,0.8,0.84,0.47,114.63415,33.0,413.0,0.477544287109375,True,REGULAR,USD
SNAP231222C00012500,2023-11-14 17:14:23+00:00,12.5,0.59,0.59,0.6,0.30999997,110.71428,111.0,77.0,0.4687553125,False,REGULAR,USD
SNAP231222C00013000,2023-11-14 17:03:24+00:00,13.0,0.43,0.4,0.42,0.26,152.94116,54.0,252.0,0.46680220703125,False,REGULAR,USD
SNAP231222C00013500,2023-11-14 15:34:12+00:00,13.5,0.31,0.28,0.29,0.19,158.33334,6.0,29.0,0.467778759765625,False,REGULAR,USD
SNAP231222C00014000,2023-11-14 15:50:35+00:00,14.0,0.21,0.2,0.21,0.11999999,133.33331,53.0,118.0,0.48242705078125003,False,REGULAR,USD
SNAP231222C00015000,2023-11-14 17:05:52+00:00,15.0,0.11,0.1,0.11,0.030000001,37.500004,27.0,123.0,0.500005,False,REGULAR,USD
SNAP231222C00016000,2023-11-14 16:33:50+00:00,16.0,0.06,0.06,0.07,0.02,50.0,29.0,158.0,0.5429733203125001,False,REGULAR,USD
SNAP231222P00003000,2023-11-06 15:27:53+00:00,3.0,0.01,,0.02,0.0,0.0,,1.0,1.96875015625,False,REGULAR,USD
SNAP231222P00006500,2023-11-06 15:25:23+00:00,6.5,0.02,0.0,0.16,0.0,0.0,,50.0,1.19922275390625,False,REGULAR,USD
SNAP231222P00007000,2023-11-06 15:24:36+00:00,7.0,0.02,0.01,0.03,0.0,0.0,50.0,51.0,0.8359391406249999,False,REGULAR,USD
SNAP231222P00007500,2023-11-13 20:20:45+00:00,7.5,0.02,0.01,0.02,0.0,0.0,1.0,2.0,0.710940390625,False,REGULAR,USD
SNAP231222P00008000,2023-11-10 20:35:41+00:00,8.0,0.04,0.02,0.03,0.0,0.0,,178.0,0.6796907031250001,False,REGULAR,USD
SNAP231222P00008500,2023-11-14 16:01:15+00:00,8.5,0.03,0.02,0.03,-0.03,-50.0,3.0,58.0,0.5937540625000001,False,REGULAR,USD
SNAP231222P00009000,2023-11-14 16:52:34+00:00,9.0,0.04,0.04,0.05,-0.04,-50.0,22.0,15.0,0.5742230078125,False,REGULAR,USD
SNAP231222P00009500,2023-11-14 16:19:45+00:00,9.5,0.06,0.05,0.06,-0.06,-50.0,7.0,165.0,0.5117236328125,False,REGULAR,USD
SNAP231222P00010000,2023-11-13 19:36:27+00:00,10.0,0.1,0.09,0.1,-0.10999999,-52.38095,1.0,63.0,0.500005,False,REGULAR,USD
SNAP231222P00010500,2023-11-14 15:03:46+00:00,10.5,0.15,0.15,0.16,-0.18,-54.545456,6.0,106.0,0.47461462890625,False,REGULAR,USD
SNAP231222P00011000,2023-11-14 16:53:22+00:00,11.0,0.25,0.24,0.25,-0.27999997,-52.830185,46.0,46.0,0.45117736328125,False,REGULAR,USD
SNAP231222P00011500,2023-11-13 20:02:39+00:00,11.5,0.37,0.38,0.4,-0.35000002,-48.611115,43.0,34.0,0.44336494140625,False,REGULAR,USD
SNAP231222P00013000,2023-11-14 14:47:13+00:00,13.0,1.07,1.15,1.19,-1.16,-52.017937,10.0,1.0,0.42578699218750005,True,REGULAR,USD
SNAP231222P00013500,2023-11-09 16:28:22+00:00,13.5,2.21,1.52,1.56,0.0,0.0,2.0,5.0,0.42188078125,True,REGULAR,USD
SNAP231222P00014000,2023-11-03 15:25:08+00:00,14.0,3.15,1.93,1.98,0.0,0.0,70.0,70.0,0.42578699218750005,True,REGULAR,USD
SNAP231229C00008000,2023-11-13 15:23:34+00:00,8.0,3.3,4.2,4.3,0.0,0.0,10.0,15.0,0.7851583984375,True,REGULAR,USD
SNAP231229C00009000,2023-11-14 14:33:38+00:00,9.0,3.25,3.25,3.35,0.9200001,39.48498,3.0,13.0,0.6835969140625001,True,REGULAR,USD
SNAP231229C00009500,2023-11-14 17:18:28+00:00,9.5,2.83,2.8,2.84,0.6299999,28.636358,1.0,2.0,0.6152382226562501,True,REGULAR,USD
SNAP231229C00010000,2023-11-13 20:54:13+00:00,10.0,1.61,2.33,2.38,0.0,0.0,1.0,5.0,0.5585981640625001,True,REGULAR,USD
SNAP231229C00010500,2023-11-14 15:44:18+00:00,10.5,1.92,1.91,1.96,0.74,62.71187,2.0,3.0,0.532231240234375,True,REGULAR,USD
SNAP231229C00011000,2023-11-14 16:10:00+00:00,11.0,1.6,1.5,1.54,0.65000004,68.42106,36.0,176.0,0.5048877636718749,True,REGULAR,USD
SNAP231229C00011500,2023-11-14 17:13:56+00:00,11.5,1.15,1.16,1.19,0.48999995,74.24242,12.0,15.0,0.48438015625,True,REGULAR,USD
SNAP231229C00012000,2023-11-14 15:33:42+00:00,12.0,0.94,0.85,0.89,0.49,108.888885,7.0,15.0,0.4687553125,True,REGULAR,USD
SNAP231229C00012500,2023-11-14 16:33:11+00:00,12.5,0.65,0.62,0.65,0.32999998,103.125,31.0,188.0,0.46094289062500005,False,REGULAR,USD
SNAP231229C00013000,2023-11-14 16:27:26+00:00,13.0,0.47,0.45,0.47,0.25,113.63637,9.0,8.0,0.459966337890625,False,REGULAR,USD
SNAP231229C00013500,2023-11-13 20:16:49+00:00,13.5,0.4,0.31,0.33,0.25,166.66666,1.0,26.0,0.4580132324218751,False,REGULAR,USD
SNAP231229C00015000,2023-11-13 19:15:02+00:00,15.0,0.06,0.12,0.14,0.0,0.0,3.0,5.0,0.500005,False,REGULAR,USD
SNAP231229C00015500,2023-11-09 17:43:46+00:00,15.5,0.05,0.09,0.12,0.0,0.0,,2.0,0.5117236328125,False,REGULAR,USD
SNAP231229C00016000,2023-11-13 19:05:08+00:00,16.0,0.09,0.07,0.09,0.050000004,125.000015,11.0,5.0,0.523442265625,False,REGULAR,USD
SNAP231229P00007000,2023-11-09 16:06:23+00:00,7.0,0.02,0.01,0.04,0.0,0.0,,1.0,0.79687703125,False,REGULAR,USD
SNAP231229P00007500,2023-11-09 16:07:05+00:00,7.5,0.07,0.01,0.04,0.0,0.0,,,0.710940390625,False,REGULAR,USD
SNAP231229P00008000,2023-11-09 16:07:31+00:00,8.0,0.04,0.01,0.04,0.0,0.0,,1.0,0.6250037500000001,False,REGULAR,USD
SNAP231229P00010500,2023-11-13 15:05:02+00:00,10.5,0.38,0.17,0.19,0.0,0.0,2.0,5.0,0.46680220703125,False,REGULAR,USD
SNAP231229P00011500,2023-11-14 17:08:41+00:00,11.5,0.44,0.42,0.44,-0.58,-56.862743,22.0,100.0,0.4335994140625,False,REGULAR,USD
SNAP240119C00001000,2023-11-14 16:16:56+00:00,1.0,11.29,11.1,11.25,1.5900002,16.391754,1.0,42.0,2.2500043749999996,True,REGULAR,USD
SNAP240119C00002000,2023-10-25 15:54:02+00:00,2.0,7.65,9.65,10.2,0.0,0.0,14.0,115.0,2.0625048437499998,True,REGULAR,USD
SNAP240119C00003000,2023-11-14 16:03:06+00:00,3.0,9.25,9.1,9.25,0.75,8.823529,4.0,995.0,1.2500037499999999,True,REGULAR,USD
SNAP240119C00004000,2023-10-25 16:56:50+00:00,4.0,5.45,8.15,8.25,0.0,0.0,5.0,143.0,1.2812535937499998,True,REGULAR,USD
SNAP240119C00005000,2023-11-14 16:35:23+00:00,5.0,7.29,7.15,7.25,1.19,19.508198,6.0,1203.0,1.0468797656250002,True,REGULAR,USD
SNAP240119C00006000,2023-11-13 17:27:50+00:00,6.0,6.2,6.2,6.25,0.8499999,15.887849,1.0,68.0,0.945313046875,True,REGULAR,USD
SNAP240119C00007000,2023-11-14 14:57:02+00:00,7.0,5.44,5.25,5.3,0.94000006,20.888891,26.0,499.0,0.8710950390625,True,REGULAR,USD
SNAP240119C00008000,2023-11-14 17:23:13+00:00,8.0,4.3,4.25,4.35,0.8800001,25.730997,98.0,3402.0,0.73437765625,True,REGULAR,USD
SNAP240119C00009000,2023-11-14 17:06:23+00:00,9.0,3.35,3.3,3.4,0.8599999,34.53815,123.0,5546.0,0.62305064453125,True,REGULAR,USD
SNAP240119C00010000,2023-11-14 16:22:43+00:00,10.0,2.56,2.44,2.47,0.81999993,47.126434,1007.0,20006.0,0.5429733203125001,True,REGULAR,USD
SNAP240119C00011000,2023-11-14 17:01:50+00:00,11.0,1.7,1.66,1.69,0.59000003,53.153156,1371.0,14487.0,0.5048877636718749,True,REGULAR,USD
SNAP240119C00012000,2023-11-14 17:07:36+00:00,12.0,1.04,1.05,1.06,0.39999998,62.499996,2070.0,43947.0,0.471684970703125,True,REGULAR,USD
SNAP240119C00013000,2023-11-14 17:20:58+00:00,13.0,0.62,0.61,0.62,0.28,82.35294,1903.0,29592.0,0.45606012695312503,False,REGULAR,USD
SNAP240119C00014000,2023-11-14 15:54:46+00:00,14.0,0.37,0.36,0.37,0.18,94.73685,1582.0,12061.0,0.46582565429687506,False,REGULAR,USD
SNAP240119C00015000,2023-11-14 17:07:12+00:00,15.0,0.22,0.2,0.22,0.1,83.333336,1474.0,34596.0,0.477544287109375,False,REGULAR,USD
SNAP240119C00016000,2023-11-14 16:58:07+00:00,16.0,0.14,0.12,0.13,0.060000002,75.00001,614.0,3233.0,0.48828636718750007,False,REGULAR,USD
SNAP240119C00017000,2023-11-14 16:27:31+00:00,17.0,0.09,0.08,0.09,0.050000004,125.000015,1703.0,16833.0,0.507817421875,False,REGULAR,USD
SNAP240119C00018000,2023-11-14 14:38:55+00:00,18.0,0.08,0.06,0.07,0.04,100.0,60.0,2253.0,0.5429733203125001,False,REGULAR,USD
SNAP240119C00019000,2023-11-09 14:47:17+00:00,19.0,0.04,0.04,0.05,0.0,0.0,1.0,2183.0,0.5585981640625001,False,REGULAR,USD
SNAP240119C00020000,2023-11-14 16:54:42+00:00,20.0,0.04,0.03,0.04,0.02,100.0,107.0,30694.0,0.585941640625,False,REGULAR,USD
SNAP240119C00023000,2023-11-14 16:24:33+00:00,23.0,0.03,0.02,0.03,0.01,50.0,10.0,16916.0,0.6796907031250001,False,REGULAR,USD
SNAP240119C00025000,2023-11-14 16:34:05+00:00,25.0,0.02,0.01,0.02,0.01,100.0,9.0,7967.0,0.70312796875,False,REGULAR,USD
SNAP240119C00028000,2023-11-14 15:00:49+00:00,28.0,0.01,0.01,0.02,-0.01,-50.0,10.0,14001.0,0.79687703125,False,REGULAR,USD
SNAP240119C00030000,2023-11-14 17:15:35+00:00,30.0,0.01,0.0,0.02,0.0,0.0,111.0,30542.0,0.8125018749999999,False,REGULAR,USD
SNAP240119C00033000,2023-11-13 17:56:20+00:00,33.0,0.01,0.0,0.03,0.0,0.0,1.0,5775.0,0.92187578125,False,REGULAR,USD
SNAP240119C00035000,2023-11-10 18:10:25+00:00,35.0,0.01,0.0,0.01,0.0,0.0,3.0,5044.0,0.87500125,False,REGULAR,USD
SNAP240119C00037000,2023-10-31 15:12:19+00:00,37.0,0.01,0.0,0.03,0.0,0.0,7.0,4339.0,1.015629921875,False,REGULAR,USD
SNAP240119C00040000,2023-11-09 17:12:31+00:00,40.0,0.01,0.0,0.01,0.0,0.0,2.0,15359.0,0.9687503125,False,REGULAR,USD
SNAP240119C00042000,2023-11-09 17:12:45+00:00,42.0,0.01,0.0,0.02,0.0,0.0,70.0,2962.0,1.0625046875000002,False,REGULAR,USD
SNAP240119C00045000,2023-11-09 17:12:57+00:00,45.0,0.01,0.0,0.03,0.0,0.0,110.0,14767.0,1.15625421875,False,REGULAR,USD
SNAP240119C00047000,2023-10-12 13:37:12+00:00,47.0,0.01,0.0,0.03,0.0,0.0,5.0,9183.0,1.1875040625,False,REGULAR,USD
SNAP240119C00050000,2023-11-09 17:13:36+00:00,50.0,0.01,0.0,0.01,0.0,0.0,1.0,20473.0,1.125004375,False,REGULAR,USD
SNAP240119C00055000,2023-11-09 20:15:33+00:00,55.0,0.01,0.0,0.06,0.0,0.0,209.0,11705.0,1.40625296875,False,REGULAR,USD
SNAP240119C00060000,2023-11-13 18:11:17+00:00,60.0,0.01,0.0,0.01,0.0,0.0,301.0,6665.0,1.2500037499999999,False,REGULAR,USD
SNAP240119C00065000,2023-10-03 14:13:11+00:00,65.0,0.01,0.0,0.02,0.0,0.0,109.0,2529.0,1.3750031249999999,False,REGULAR,USD
SNAP240119C00070000,2023-10-25 13:44:22+00:00,70.0,0.01,0.0,0.01,0.0,0.0,1.0,4755.0,1.3125034374999998,False,REGULAR,USD
SNAP240119C00075000,2023-09-25 17:20:53+00:00,75.0,0.01,0.0,0.01,0.0,0.0,2.0,6795.0,1.3750031249999999,False,REGULAR,USD
SNAP240119C00080000,2023-11-03 15:33:07+00:00,80.0,0.01,0.0,0.01,0.0,0.0,1.0,2106.0,1.4375028125,False,REGULAR,USD
SNAP240119C00085000,2023-08-14 16:01:45+00:00,85.0,0.01,0.0,0.02,0.0,0.0,30.0,4319.0,1.5625021874999998,False,REGULAR,USD
SNAP240119C00090000,2023-09-06 18:21:54+00:00,90.0,0.01,0.0,0.03,0.0,0.0,8.0,1425.0,1.65625171875,False,REGULAR,USD
SNAP240119C00095000,2023-08-03 13:39:14+00:00,95.0,0.02,0.0,0.02,0.0,0.0,150.0,2114.0,1.625001875,False,REGULAR,USD
SNAP240119C00100000,2023-09-21 18:20:31+00:00,100.0,0.01,0.0,0.01,0.0,0.0,150.0,3080.0,1.5625021874999998,False,REGULAR,USD
SNAP240119C00105000,2023-09-26 15:49:21+00:00,105.0,0.01,0.0,0.01,0.0,0.0,4.0,911.0,1.5937520312499998,False,REGULAR,USD
SNAP240119C00110000,2023-10-20 13:31:51+00:00,110.0,0.02,0.0,0.02,0.0,0.0,2.0,1454.0,1.71875140625,False,REGULAR,USD
SNAP240119C00115000,2023-10-24 19:41:56+00:00,115.0,0.01,0.0,0.01,0.0,0.0,35.0,91790.0,1.625001875,False,REGULAR,USD
SNAP240119P00001000,2023-10-12 16:42:06+00:00,1.0,0.01,0.0,0.01,0.0,0.0,10.0,50.0,2.2500043749999996,False,REGULAR,USD
SNAP240119P00002000,2023-06-21 17:29:59+00:00,2.0,0.03,0.0,0.11,0.0,0.0,1.0,48.0,2.281254296875,False,REGULAR,USD
SNAP240119P00003000,2023-11-08 19:14:49+00:00,3.0,0.01,0.0,0.02,0.0,0.0,2.0,2535.0,1.3750031249999999,False,REGULAR,USD
SNAP240119P00004000,2023-11-09 19:35:36+00:00,4.0,0.01,0.0,0.02,0.0,0.0,1.0,848.0,1.09375453125,False,REGULAR,USD
SNAP240119P00005000,2023-11-10 20:07:20+00:00,5.0,0.01,0.01,0.02,0.0,0.0,3.0,12582.0,0.937500625,False,REGULAR,USD
SNAP240119P00006000,2023-11-14 14:57:30+00:00,6.0,0.02,0.01,0.03,0.0,0.0,12.0,8174.0,0.79687703125,False,REGULAR,USD
SNAP240119P00007000,2023-11-14 15:12:05+00:00,7.0,0.03,0.02,0.03,0.0,0.0,81.0,15449.0,0.6640658593750002,False,REGULAR,USD
SNAP240119P00008000,2023-11-14 16:39:29+00:00,8.0,0.05,0.04,0.05,-0.029999997,-37.499996,93.0,40676.0,0.57812921875,False,REGULAR,USD
SNAP240119P00009000,2023-11-14 16:45:17+00:00,9.0,0.09,0.08,0.09,-0.060000002,-40.0,126.0,21893.0,0.507817421875,False,REGULAR,USD
SNAP240119P00010000,2023-11-14 17:14:14+00:00,10.0,0.19,0.18,0.19,-0.14000002,-42.424248,547.0,29677.0,0.46680220703125,False,REGULAR,USD
SNAP240119P00011000,2023-11-14 16:46:21+00:00,11.0,0.4,0.39,0.4,-0.26000002,-39.39394,593.0,15598.0,0.436529072265625,False,REGULAR,USD
SNAP240119P00012000,2023-11-14 17:07:53+00:00,12.0,0.77,0.75,0.76,-0.45000005,-36.885246,2133.0,7422.0,0.40820904296875,False,REGULAR,USD
SNAP240119P00013000,2023-11-14 17:21:29+00:00,13.0,1.34,1.33,1.34,-0.62,-31.632652,133.0,14595.0,0.401373173828125,True,REGULAR,USD
SNAP240119P00014000,2023-11-14 14:33:38+00:00,14.0,1.92,2.06,2.1,-1.4700001,-43.362835,2.0,2680.0,0.4062559375,True,REGULAR,USD
SNAP240119P00015000,2023-11-14 17:15:37+00:00,15.0,2.96,2.91,2.96,-0.78999996,-21.066668,21.0,11274.0,0.4062559375,True,REGULAR,USD
SNAP240119P00016000,2023-11-14 15:08:15+00:00,16.0,3.72,3.85,3.9,-1.1000001,-22.821579,1.0,1.0,0.41992767578125,True,REGULAR,USD
SNAP240119P00017000,2023-11-14 15:08:15+00:00,17.0,4.8,4.8,4.9,-2.25,-31.914892,2.0,0.0,0.48828636718750007,True,REGULAR,USD
SNAP240119P00018000,2023-11-13 14:33:54+00:00,18.0,6.59,5.8,5.85,0.0,0.0,1.0,1.0,0.445318046875,True,REGULAR,USD
SNAP240119P00019000,2023-10-17 14:16:36+00:00,19.0,6.75,6.8,6.85,-2.5500002,-27.419355,1.0,0.0,0.49219257812500006,True,REGULAR,USD
SNAP240119P00020000,2023-11-09 19:38:01+00:00,20.0,8.68,7.8,7.85,0.0,0.0,4.0,6.0,0.5390671093750001,True,REGULAR,USD
SNAP240119P00023000,2023-10-18 16:04:49+00:00,23.0,13.4,10.8,10.9,0.0,0.0,3.0,0.0,0.6640658593750002,True,REGULAR,USD
SNAP240119P00025000,2023-09-21 15:59:05+00:00,25.0,16.3,15.5,15.6,0.0,0.0,1.0,11.0,2.566409833984375,True,REGULAR,USD
SNAP240119P00028000,2023-07-26 19:12:24+00:00,28.0,17.55,18.7,18.8,0.0,0.0,310.0,3.0,2.815432648925781,True,REGULAR,USD
SNAP240119P00030000,2023-11-09 18:01:49+00:00,30.0,18.55,17.8,18.0,0.0,0.0,1.0,0.0,1.05078599609375,True,REGULAR,USD
SNAP240119P00033000,2023-10-24 14:40:06+00:00,33.0,23.15,20.8,21.0,0.0,0.0,50.0,5.0,1.1367230664062502,True,REGULAR,USD
SNAP240119P00035000,2023-10-24 14:40:06+00:00,35.0,25.15,22.8,22.85,0.0,0.0,50.0,4.0,1.0078174609375,True,REGULAR,USD
SNAP240119P00037000,2023-07-11 19:41:02+00:00,37.0,24.25,26.65,26.85,0.0,0.0,128.0,0.0,2.6679720800781253,True,REGULAR,USD
SNAP240119P00040000,2023-11-13 18:00:40+00:00,40.0,28.75,27.8,27.9,0.0,0.0,10.0,0.0,1.109379453125,True,REGULAR,USD
SNAP240119P00042000,2023-02-15 17:15:21+00:00,42.0,30.9,31.25,31.45,0.0,0.0,6.0,0.0,2.5976597558593753,True,REGULAR,USD
SNAP240119P00045000,2023-10-05 14:24:02+00:00,45.0,36.35,34.2,34.45,0.0,0.0,2.0,1.0,2.6601595996093756,True,REGULAR,USD
SNAP240119P00047000,2022-07-14 14:17:31+00:00,47.0,33.5,35.25,35.6,0.0,0.0,30.0,0.0,2.1093797265624996,True,REGULAR,USD
SNAP240119P00050000,2023-11-14 16:14:55+00:00,50.0,37.75,37.8,37.9,-0.9599991,-2.479977,1.0,0.0,1.2812535937499998,True,REGULAR,USD
SNAP240119P00055000,2023-11-13 17:16:06+00:00,55.0,43.7,42.8,42.9,0.0,0.0,1.0,1.0,1.359378203125,True,REGULAR,USD
SNAP240119P00060000,2023-11-13 17:16:34+00:00,60.0,48.72,47.65,47.85,0.0,0.0,3.0,3.0,1.421877890625,True,REGULAR,USD
SNAP240119P00065000,2023-10-06 18:30:59+00:00,65.0,56.4,54.2,54.35,0.0,0.0,6.0,0.0,3.0175805810546876,True,REGULAR,USD
SNAP240119P00070000,2023-02-24 19:42:38+00:00,70.0,60.3,58.2,58.7,0.0,0.0,1.0,0.0,2.5156287109374995,True,REGULAR,USD
SNAP240119P00075000,2023-10-26 14:33:14+00:00,75.0,65.6,62.8,62.9,0.0,0.0,1.0,0.0,1.5781271093749998,True,REGULAR,USD
SNAP240119P00080000,2023-02-24 19:35:05+00:00,80.0,70.3,68.0,68.9,0.0,0.0,1.0,0.0,2.637698718261719,True,REGULAR,USD
SNAP240119P00085000,2022-05-19 17:04:12+00:00,85.0,61.7,72.25,73.25,0.0,0.0,1.0,0.0,2.496097509765625,True,REGULAR,USD
SNAP240119P00090000,2023-02-24 19:30:10+00:00,90.0,80.3,77.95,78.9,0.0,0.0,1.0,0.0,2.7207063232421875,True,REGULAR,USD
SNAP240119P00095000,2023-02-10 19:20:44+00:00,95.0,84.5,84.35,85.6,0.0,0.0,6.0,0.0,3.782227106933594,True,REGULAR,USD
SNAP240119P00100000,2023-09-26 19:56:57+00:00,100.0,91.65,90.45,90.9,0.0,0.0,1.0,0.0,4.191411010742188,True,REGULAR,USD
SNAP240119P00105000,2023-10-25 19:58:05+00:00,105.0,95.76,92.6,92.85,0.0,0.0,2.0,0.0,1.8125009374999999,True,REGULAR,USD
SNAP240119P00110000,2023-10-06 17:45:29+00:00,110.0,101.36,99.15,99.45,0.0,0.0,1.0,0.0,3.535157412109375,True,REGULAR,USD
SNAP240119P00115000,2023-11-10 14:57:51+00:00,115.0,103.92,102.8,102.85,0.0,0.0,11.0,0.0,1.875000625,True,REGULAR,USD
SNAP240216C00008000,2023-11-13 16:01:19+00:00,8.0,3.6,4.4,4.5,0.0,0.0,1.0,11.0,0.7695335546875001,True,REGULAR,USD
SNAP240216C00010000,2023-11-14 16:40:39+00:00,10.0,2.84,2.8,2.84,0.73,34.597157,45.0,5.0,0.6660189648437502,True,REGULAR,USD
SNAP240216C00011000,2023-11-14 15:46:49+00:00,11.0,2.17,2.11,2.16,0.72,49.65517,87.0,40.0,0.629886513671875,True,REGULAR,USD
SNAP240216C00012000,2023-11-14 16:37:54+00:00,12.0,1.6,1.56,1.58,0.51,46.788986,93.0,296.0,0.6054726953125001,True,REGULAR,USD
SNAP240216C00013000,2023-11-14 17:10:01+00:00,13.0,1.14,1.14,1.15,0.36,46.153847,3893.0,262.0,0.5976602734375001,False,REGULAR,USD
SNAP240216C00014000,2023-11-14 16:04:49+00:00,14.0,0.85,0.81,0.84,0.36,73.46939,82.0,50.0,0.5937540625000001,False,REGULAR,USD
SNAP240216C00015000,2023-11-14 17:01:50+00:00,15.0,0.59,0.58,0.6,0.22999996,63.888874,48.0,36.0,0.5937540625000001,False,REGULAR,USD
SNAP240216P00008000,2023-11-14 14:48:03+00:00,8.0,0.16,0.15,0.17,-0.07000001,-30.434784,20.0,25.0,0.6523472265625001,False,REGULAR,USD
SNAP240216P00009000,2023-11-10 17:54:59+00:00,9.0,0.39,0.27,0.3,0.0,0.0,,3.0,0.6093789062500001,False,REGULAR,USD
SNAP240216P00010000,2023-11-14 16:17:28+00:00,10.0,0.48,0.48,0.5,-0.20000002,-29.411768,126.0,33.0,0.57812921875,False,REGULAR,USD
SNAP240216P00011000,2023-11-14 17:23:12+00:00,11.0,0.79,0.79,0.82,-0.28000003,-26.168228,10.0,249.0,0.5566450585937501,False,REGULAR,USD
SNAP240315C00011000,2023-11-14 16:58:11+00:00,11.0,2.3,2.28,2.31,0.66999996,41.10429,466.0,22.0,0.6162147753906251,True,REGULAR,USD
SNAP240315C00012000,2023-11-14 16:21:10+00:00,12.0,1.77,1.72,1.76,0.56999993,47.499992,71.0,125.0,0.5937540625000001,True,REGULAR,USD
SNAP240315C00014000,2023-11-14 16:31:05+00:00,14.0,0.99,0.96,0.99,0.37,59.677418,424.0,502.0,0.577152666015625,False,REGULAR,USD
SNAP240419C00002000,2023-10-26 14:20:34+00:00,2.0,7.15,10.15,10.3,0.0,0.0,4.0,100.0,1.484377578125,True,REGULAR,USD
SNAP240419C00003000,2023-10-25 17:30:08+00:00,3.0,6.45,9.2,9.3,0.0,0.0,5.0,104.0,1.2343788281249999,True,REGULAR,USD
SNAP240419C00004000,2023-11-07 16:28:09+00:00,4.0,7.06,8.0,8.35,0.0,0.0,2.0,167.0,0.6562534375000001,True,REGULAR,USD
SNAP240419C00005000,2023-11-03 16:48:59+00:00,5.0,6.0,7.25,7.4,0.0,0.0,2.0,34.0,0.937500625,True,REGULAR,USD
SNAP240419C00006000,2023-11-09 16:16:22+00:00,6.0,5.71,6.35,6.45,0.0,0.0,1.0,90.0,0.851563984375,True,REGULAR,USD
SNAP240419C00007000,2023-11-14 14:46:21+00:00,7.0,5.56,5.45,5.5,1.1599998,26.363632,6.0,1071.0,0.7578149218750001,True,REGULAR,USD
SNAP240419C00008000,2023-11-14 16:36:30+00:00,8.0,4.55,4.55,4.65,0.75000024,19.736849,116.0,2202.0,0.69336244140625,True,REGULAR,USD
SNAP240419C00009000,2023-11-14 14:56:49+00:00,9.0,4.0,3.75,3.85,0.9000001,29.032263,8.0,790.0,0.6523472265625001,True,REGULAR,USD
SNAP240419C00010000,2023-11-14 16:25:43+00:00,10.0,3.16,3.05,3.1,0.72,29.508198,456.0,3335.0,0.6191444335937502,True,REGULAR,USD
SNAP240419C00011000,2023-11-14 17:01:29+00:00,11.0,2.5,2.44,2.48,0.62,32.97872,4.0,6436.0,0.6015664843750002,True,REGULAR,USD
SNAP240419C00012000,2023-11-14 15:05:10+00:00,12.0,1.94,1.9,1.93,0.5200001,36.619728,21.0,6735.0,0.5800823242187501,True,REGULAR,USD
SNAP240419C00013000,2023-11-14 16:36:01+00:00,13.0,1.5,1.46,1.48,0.44000006,41.509445,120.0,13610.0,0.5649457568359376,False,REGULAR,USD
SNAP240419C00014000,2023-11-14 16:27:50+00:00,14.0,1.15,1.12,1.14,0.37,47.435898,214.0,11232.0,0.5590864404296876,False,REGULAR,USD
SNAP240419C00015000,2023-11-14 17:12:59+00:00,15.0,0.86,0.86,0.87,0.26,43.333332,504.0,3370.0,0.5556685058593751,False,REGULAR,USD
SNAP240419C00016000,2023-11-14 16:39:09+00:00,16.0,0.67,0.65,0.66,0.25000003,59.52382,82.0,860.0,0.551762294921875,False,REGULAR,USD
SNAP240419C00017000,2023-11-14 17:12:57+00:00,17.0,0.5,0.5,0.51,0.13,35.135136,50.0,881.0,0.5537154003906251,False,REGULAR,USD
SNAP240419C00018000,2023-11-14 15:09:40+00:00,18.0,0.43,0.38,0.39,0.2,86.95652,109.0,7909.0,0.5537154003906251,False,REGULAR,USD
SNAP240419C00019000,2023-11-14 15:57:42+00:00,19.0,0.31,0.29,0.3,0.120000005,63.157898,218.0,589.0,0.5546919531250001,False,REGULAR,USD
SNAP240419C00020000,2023-11-14 14:47:15+00:00,20.0,0.25,0.23,0.24,0.120000005,92.3077,24.0,1349.0,0.56055126953125,False,REGULAR,USD
SNAP240419C00023000,2023-11-10 19:26:14+00:00,23.0,0.09,0.12,0.14,0.0,0.0,,2.0,0.585941640625,False,REGULAR,USD
SNAP240419P00003000,2023-11-01 16:05:49+00:00,3.0,0.01,0.01,0.04,0.0,0.0,720.0,2420.0,1.015629921875,False,REGULAR,USD
SNAP240419P00004000,2023-11-13 18:57:31+00:00,4.0,0.03,0.02,0.04,0.0,0.0,5.0,13.0,0.8359391406249999,False,REGULAR,USD
SNAP240419P00005000,2023-11-09 18:17:08+00:00,5.0,0.05,0.04,0.05,0.0,0.0,3.0,327.0,0.726565234375,False,REGULAR,USD
SNAP240419P00006000,2023-11-13 16:38:26+00:00,6.0,0.07,0.07,0.08,-0.030000001,-30.000002,1.0,2136.0,0.6523472265625001,False,REGULAR,USD
SNAP240419P00007000,2023-11-09 19:18:37+00:00,7.0,0.15,0.13,0.14,-0.03999999,-21.052628,1.0,7247.0,0.6035195898437502,False,REGULAR,USD
SNAP240419P00008000,2023-11-13 17:00:19+00:00,8.0,0.24,0.24,0.25,-0.08,-25.0,2.0,5551.0,0.5722699023437501,False,REGULAR,USD
SNAP240419P00009000,2023-11-14 15:41:11+00:00,9.0,0.41,0.41,0.42,-0.14000002,-25.454548,127.0,5366.0,0.5449264257812501,False,REGULAR,USD
SNAP240419P00010000,2023-11-14 17:12:58+00:00,10.0,0.67,0.67,0.68,-0.19999999,-22.988503,76.0,3936.0,0.526371923828125,False,REGULAR,USD
SNAP240419P00011000,2023-11-14 17:12:57+00:00,11.0,1.02,1.0,1.02,-0.30000007,-22.727278,33.0,4187.0,0.5039112109375,False,REGULAR,USD
SNAP240419P00012000,2023-11-14 15:22:32+00:00,12.0,1.47,1.45,1.46,-0.39,-20.967741,90.0,3532.0,0.4887746435546876,False,REGULAR,USD
SNAP240419P00013000,2023-11-14 14:52:08+00:00,13.0,1.97,2.0,2.01,-0.52,-20.883533,11.0,4485.0,0.47461462890625,True,REGULAR,USD
SNAP240419P00014000,2023-11-13 17:12:05+00:00,14.0,3.23,2.64,2.69,0.0,0.0,2.0,67.0,0.4721732470703125,True,REGULAR,USD
SNAP240419P00015000,2023-11-10 14:45:08+00:00,15.0,3.25,3.35,3.45,-0.9499998,-22.619045,1.0,885.0,0.47119669433593747,True,REGULAR,USD
SNAP240419P00016000,2023-11-02 17:42:16+00:00,16.0,5.6,4.15,4.25,0.0,0.0,2.0,63.0,0.46094289062500005,True,REGULAR,USD
SNAP240419P00017000,2023-11-02 13:44:34+00:00,17.0,6.8,5.0,5.1,0.0,0.0,25.0,2085.0,0.44824770507812495,True,REGULAR,USD
SNAP240419P00018000,2023-11-09 17:40:42+00:00,18.0,6.63,5.9,6.0,0.0,0.0,320.0,335.0,0.43848217773437503,True,REGULAR,USD
SNAP240419P00019000,2023-10-24 19:46:44+00:00,19.0,9.3,6.85,6.9,0.0,0.0,28.0,0.0,0.39649041015625003,True,REGULAR,USD
SNAP240621C00001000,2023-10-26 14:29:16+00:00,1.0,8.4,11.15,11.25,0.0,0.0,1.0,63.0,1.5937520312499998,True,REGULAR,USD
SNAP240621C00002000,2023-11-03 15:26:50+00:00,2.0,8.9,10.0,10.3,0.0,0.0,1.0,124.0,1.4921900390624998,True,REGULAR,USD
SNAP240621C00003000,2023-10-25 15:26:41+00:00,3.0,6.95,9.05,9.35,0.0,0.0,12.0,65.0,0.8828136718749999,True,REGULAR,USD
SNAP240621C00004000,2023-11-08 20:59:07+00:00,4.0,7.45,8.25,8.4,0.0,0.0,4.0,123.0,0.9687503125,True,REGULAR,USD
SNAP240621C00005000,2023-11-13 17:04:49+00:00,5.0,7.48,7.35,7.45,0.9000001,13.677814,1.0,302.0,0.87500125,True,REGULAR,USD
SNAP240621C00006000,2023-11-14 14:40:41+00:00,6.0,6.36,6.5,6.55,0.61000013,10.608698,1.0,43.0,0.8183611914062499,True,REGULAR,USD
SNAP240621C00007000,2023-11-09 17:02:52+00:00,7.0,5.51,5.6,5.7,0.46000004,9.1089115,1.0,52.0,0.7480493945312501,True,REGULAR,USD
SNAP240621C00008000,2023-11-14 15:50:41+00:00,8.0,4.9,4.8,4.9,0.75,18.072289,14.0,1055.0,0.7060576269531251,True,REGULAR,USD
SNAP240621C00009000,2023-11-14 14:47:23+00:00,9.0,4.35,4.05,4.15,1.0,29.850748,8.0,244.0,0.6679720703125002,True,REGULAR,USD
SNAP240621C00010000,2023-11-14 17:05:43+00:00,10.0,3.45,3.45,3.5,0.6400001,22.775805,395.0,9788.0,0.6552768847656252,True,REGULAR,USD
SNAP240621C00011000,2023-11-14 17:00:44+00:00,11.0,2.86,2.85,2.89,0.56999993,24.890827,25.0,1891.0,0.6284216845703126,True,REGULAR,USD
SNAP240621C00012000,2023-11-14 17:15:54+00:00,12.0,2.33,2.33,2.36,0.45999992,24.598927,537.0,7257.0,0.6074258007812501,True,REGULAR,USD
SNAP240621C00013000,2023-11-14 17:05:09+00:00,13.0,1.94,1.9,1.93,0.5,34.72222,4.0,1853.0,0.59570716796875,False,REGULAR,USD
SNAP240621C00014000,2023-11-14 15:49:06+00:00,14.0,1.58,1.55,1.56,0.45000005,39.823013,90.0,1562.0,0.5864299169921875,False,REGULAR,USD
SNAP240621C00015000,2023-11-14 17:04:35+00:00,15.0,1.26,1.25,1.27,0.32999998,35.48387,217.0,13192.0,0.5795940478515625,False,REGULAR,USD
SNAP240621C00016000,2023-11-14 15:16:45+00:00,16.0,1.08,1.01,1.02,0.35000002,47.94521,48.0,820.0,0.5737347314453125,False,REGULAR,USD
SNAP240621C00017000,2023-11-14 16:45:36+00:00,17.0,0.85,0.81,0.83,0.26000005,44.06781,13.0,16738.0,0.5698285205078125,False,REGULAR,USD
SNAP240621C00018000,2023-11-13 18:12:54+00:00,18.0,0.7,0.66,0.67,0.25,55.555557,3.0,271.0,0.56836369140625,False,REGULAR,USD
SNAP240621C00019000,2023-11-14 14:55:06+00:00,19.0,0.59,0.54,0.55,0.18999997,47.49999,31.0,176.0,0.56836369140625,False,REGULAR,USD
SNAP240621C00020000,2023-11-14 17:16:45+00:00,20.0,0.44,0.44,0.45,0.13,41.935482,980.0,11296.0,0.56836369140625,False,REGULAR,USD
SNAP240621C00022000,2023-11-14 17:17:20+00:00,22.0,0.3,0.3,0.31,0.09000002,42.85715,17.0,12037.0,0.5712933496093751,False,REGULAR,USD
SNAP240621C00025000,2023-11-14 15:11:29+00:00,25.0,0.2,0.19,0.2,0.07000001,53.84616,96.0,3147.0,0.5888712988281251,False,REGULAR,USD
SNAP240621P00001000,2023-06-26 13:30:01+00:00,1.0,0.05,0.0,0.0,0.0,0.0,,25.0,0.500005,False,REGULAR,USD
SNAP240621P00002000,2023-11-13 18:59:04+00:00,2.0,0.02,0.0,0.03,0.0,0.0,2.0,276.0,1.0312548437500002,False,REGULAR,USD
SNAP240621P00003000,2023-11-13 18:59:53+00:00,3.0,0.03,0.02,0.04,0.0,0.0,2.0,250.0,0.8828136718749999,False,REGULAR,USD
SNAP240621P00004000,2023-11-10 14:30:33+00:00,4.0,0.07,0.04,0.05,0.0,0.0,1.0,1167.0,0.7578149218750001,False,REGULAR,USD
SNAP240621P00005000,2023-11-13 16:11:30+00:00,5.0,0.09,0.08,0.09,-0.009999998,-9.999998,20.0,5008.0,0.6953155468750001,False,REGULAR,USD
SNAP240621P00006000,2023-11-10 15:53:28+00:00,6.0,0.21,0.15,0.16,0.0,0.0,1.0,3124.0,0.65039412109375,False,REGULAR,USD
SNAP240621P00007000,2023-11-10 19:41:28+00:00,7.0,0.33,0.25,0.26,0.0,0.0,4.0,2297.0,0.6074258007812501,False,REGULAR,USD
SNAP240621P00008000,2023-11-14 15:16:56+00:00,8.0,0.43,0.42,0.43,-0.110000014,-20.370373,313.0,15047.0,0.5839885351562499,False,REGULAR,USD
SNAP240621P00009000,2023-11-14 16:16:25+00:00,9.0,0.65,0.64,0.66,-0.15000004,-18.750004,2.0,3842.0,0.559574716796875,False,REGULAR,USD
SNAP240621P00010000,2023-11-14 15:46:02+00:00,10.0,0.96,0.94,0.96,-0.21999997,-18.644066,866.0,6095.0,0.5390671093750001,False,REGULAR,USD
SNAP240621P00011000,2023-11-14 14:49:20+00:00,11.0,1.32,1.33,1.35,-0.29999995,-18.518515,7.0,1693.0,0.523442265625,False,REGULAR,USD
SNAP240621P00012000,2023-11-14 17:04:35+00:00,12.0,1.8,1.79,1.8,-0.35000014,-16.279076,23.0,4396.0,0.5039112109375,False,REGULAR,USD
SNAP240621P00013000,2023-11-14 14:33:43+00:00,13.0,2.33,2.35,2.36,-0.53999996,-18.81533,6.0,415.0,0.49414568359375005,True,REGULAR,USD
SNAP240621P00014000,2023-11-14 16:18:51+00:00,14.0,2.99,2.96,2.97,-0.4100001,-12.0588255,1495.0,353.0,0.47559118164062497,True,REGULAR,USD
SNAP240621P00015000,2023-11-14 15:38:07+00:00,15.0,3.69,3.65,3.7,-2.0099998,-35.263153,1.0,1078.0,0.471684970703125,True,REGULAR,USD
SNAP240621P00016000,2023-10-23 19:45:02+00:00,16.0,6.8,4.4,4.5,0.0,0.0,,5.0,0.471684970703125,True,REGULAR,USD
SNAP240621P00017000,2023-10-27 14:25:55+00:00,17.0,7.78,5.2,5.3,0.0,0.0,5.0,1117.0,0.45654840332031255,True,REGULAR,USD
SNAP240621P00018000,2023-10-23 19:22:13+00:00,18.0,8.6,6.05,6.15,0.0,0.0,12.0,34.0,0.442388388671875,True,REGULAR,USD
SNAP240621P00019000,2023-10-24 14:23:11+00:00,19.0,9.25,6.95,7.05,0.0,0.0,7.0,39.0,0.4335994140625,True,REGULAR,USD
SNAP240621P00020000,2023-10-24 16:25:02+00:00,20.0,10.4,7.9,8.0,0.0,0.0,12.0,986.0,0.43945873046875,True,REGULAR,USD
SNAP240621P00022000,2023-10-24 13:42:56+00:00,22.0,12.25,9.8,9.9,0.0,0.0,8.0,0.0,0.41797457031249996,True,REGULAR,USD
SNAP240621P00025000,2023-10-23 13:32:06+00:00,25.0,15.7,12.8,12.9,0.0,0.0,10.0,0.0,0.48633326171875,True,REGULAR,USD
SNAP250117C00001000,2023-11-07 19:37:38+00:00,1.0,10.0,11.15,11.4,0.0,0.0,3.0,38.0,1.4492215039062502,True,REGULAR,USD
SNAP250117C00002000,2023-11-01 15:47:02+00:00,2.0,8.03,10.25,10.4,0.0,0.0,1.0,14.0,1.111332568359375,True,REGULAR,USD
SNAP250117C00003000,2023-11-10 14:51:54+00:00,3.0,8.3,9.35,9.5,0.0,0.0,5.0,385.0,0.9765627343750001,True,REGULAR,USD
SNAP250117C00004000,2023-10-25 13:56:37+00:00,4.0,6.35,8.5,8.65,0.0,0.0,2.0,126.0,0.9023447265625,True,REGULAR,USD
SNAP250117C00005000,2023-11-14 14:56:35+00:00,5.0,7.95,7.7,7.8,0.9499998,13.571426,10.0,4689.0,0.8378922460937499,True,REGULAR,USD
SNAP250117C00008000,2023-11-14 16:21:10+00:00,8.0,5.65,5.5,5.6,0.8499999,17.708332,32.0,2045.0,0.717776259765625,True,REGULAR,USD
SNAP250117C00010000,2023-11-14 17:02:12+00:00,10.0,4.35,4.3,4.4,0.6999998,19.178078,398.0,13100.0,0.6713900048828126,True,REGULAR,USD
SNAP250117C00012000,2023-11-14 16:46:18+00:00,12.0,3.45,3.35,3.45,0.71000004,25.91241,78.0,4756.0,0.6455113574218749,True,REGULAR,USD
SNAP250117C00015000,2023-11-14 17:01:50+00:00,15.0,2.29,2.27,2.28,0.39,20.526316,547.0,22038.0,0.6088906298828126,False,REGULAR,USD
SNAP250117C00017000,2023-11-14 15:31:45+00:00,17.0,1.81,1.75,1.81,0.39999998,28.368792,9.0,8020.0,0.6020547607421877,False,REGULAR,USD
SNAP250117C00020000,2023-11-14 16:14:58+00:00,20.0,1.23,1.21,1.25,0.29000002,30.851067,118.0,13483.0,0.5922892333984376,False,REGULAR,USD
SNAP250117C00022000,2023-11-14 16:25:46+00:00,22.0,1.0,0.95,0.99,0.19,23.45679,3.0,22988.0,0.5883830224609375,False,REGULAR,USD
SNAP250117C00025000,2023-11-14 17:15:47+00:00,25.0,0.67,0.67,0.71,0.13,24.074074,319.0,21836.0,0.584965087890625,False,REGULAR,USD
SNAP250117P00001000,2023-09-25 19:32:04+00:00,1.0,0.01,0.01,0.04,0.0,0.0,20.0,278.0,1.109379453125,False,REGULAR,USD
SNAP250117P00002000,2023-11-01 19:50:14+00:00,2.0,0.04,0.0,0.04,0.0,0.0,700.0,703.0,0.7656273437500001,False,REGULAR,USD
SNAP250117P00003000,2023-11-10 16:27:57+00:00,3.0,0.06,0.06,0.09,-0.030000005,-33.333336,2.0,824.0,0.7382838671874999,False,REGULAR,USD
SNAP250117P00004000,2023-11-07 16:06:51+00:00,4.0,0.25,0.14,0.17,0.0,0.0,2.0,98.0,0.69336244140625,False,REGULAR,USD
SNAP250117P00005000,2023-11-14 16:36:45+00:00,5.0,0.28,0.26,0.28,-0.030000001,-9.67742,105.0,11433.0,0.6562534375000001,False,REGULAR,USD
SNAP250117P00008000,2023-11-14 16:52:49+00:00,8.0,0.9,0.87,0.92,-0.120000005,-11.764706,72.0,14685.0,0.5737347314453125,False,REGULAR,USD
SNAP250117P00010000,2023-11-14 16:47:09+00:00,10.0,1.59,1.59,1.63,-0.23000002,-12.637363,75.0,14425.0,0.5400436621093752,False,REGULAR,USD
SNAP250117P00012000,2023-11-14 17:10:01+00:00,12.0,2.54,2.51,2.56,-0.32999992,-11.498256,41.0,6316.0,0.5063525927734375,False,REGULAR,USD
SNAP250117P00015000,2023-11-10 19:01:57+00:00,15.0,4.31,4.3,4.4,-0.53999996,-11.13402,1.0,2773.0,0.4753470434570312,True,REGULAR,USD
SNAP250117P00017000,2023-11-09 14:58:33+00:00,17.0,6.2,5.75,5.85,0.0,0.0,8.0,711.0,0.45117736328125,True,REGULAR,USD
SNAP250117P00020000,2023-10-26 15:48:34+00:00,20.0,10.75,8.2,8.3,0.0,0.0,2.0,1578.0,0.4145566357421875,True,REGULAR,USD
SNAP250117P00022000,2023-10-24 14:26:32+00:00,22.0,12.3,9.95,10.1,0.0,0.0,14.0,700.0,0.397466962890625,True,REGULAR,USD
SNAP250117P00025000,2023-11-09 18:48:59+00:00,25.0,12.76,12.8,12.9,-0.84000015,-6.1764717,3.0,0.0,0.34961587890624996,True,REGULAR,USD
SNAP250516C00001000,2023-11-09 15:22:46+00:00,1.0,11.37,10.85,11.8,0.7699995,7.2641463,1.0,62.0,1.41015919921875,True,REGULAR,USD
SNAP250516C00002000,2023-11-14 15:58:24+00:00,2.0,10.4,10.25,10.5,0.6999998,7.216493,1.0,20.0,1.0546922265625,True,REGULAR,USD
SNAP250516C00003000,2023-10-26 17:41:38+00:00,3.0,6.58,9.45,9.65,0.0,0.0,1.0,10.0,0.9726565234375,True,REGULAR,USD
SNAP250516C00004000,2023-10-23 16:01:44+00:00,4.0,6.55,8.65,8.8,0.0,0.0,5.0,33.0,0.8886729882812499,True,REGULAR,USD
SNAP250516C00005000,2023-11-10 16:15:56+00:00,5.0,7.35,7.8,8.05,0.4000001,5.7553973,1.0,923.0,0.8212908496093749,True,REGULAR,USD
SNAP250516C00007000,2023-11-10 20:05:31+00:00,7.0,5.8,6.5,6.65,0.0,0.0,14.0,1438.0,0.7651390673828126,True,REGULAR,USD
SNAP250516C00010000,2023-11-14 17:19:44+00:00,10.0,4.82,4.8,4.9,0.62000036,14.761914,99.0,939.0,0.6977569287109376,True,REGULAR,USD
SNAP250516C00012000,2023-11-14 16:46:18+00:00,12.0,3.96,3.85,4.0,0.54999995,16.12903,13.0,464.0,0.6667513793945314,True,REGULAR,USD
SNAP250516C00015000,2023-11-14 15:49:32+00:00,15.0,2.81,2.81,2.88,0.40999985,17.083326,239.0,2423.0,0.6350134155273439,False,REGULAR,USD
SNAP250516C00017000,2023-11-14 16:25:44+00:00,17.0,2.35,2.28,2.36,0.4699999,24.999996,8.0,3178.0,0.624027197265625,False,REGULAR,USD
SNAP250516C00020000,2023-11-14 17:15:59+00:00,20.0,1.71,1.71,1.74,0.34000003,24.81752,1240.0,9557.0,0.6127968408203126,False,REGULAR,USD
SNAP250516C00025000,2023-11-14 16:38:31+00:00,25.0,1.05,1.06,1.12,0.19999993,23.529404,510.0,4306.0,0.6040078662109377,False,REGULAR,USD
SNAP250516P00001000,2023-10-11 13:31:21+00:00,1.0,0.03,0.0,0.0,0.0,0.0,12.0,183.0,0.500005,False,REGULAR,USD
SNAP250516P00002000,2023-11-08 14:32:32+00:00,2.0,0.04,0.0,0.4,0.0,0.0,12.0,79.0,1.0488328808593752,False,REGULAR,USD
SNAP250516P00003000,2023-11-14 14:33:42+00:00,3.0,0.16,0.12,0.18,-0.030000001,-15.7894745,6.0,49.0,0.7578149218750001,False,REGULAR,USD
SNAP250516P00004000,2023-10-06 16:13:01+00:00,4.0,0.52,0.28,0.32,0.0,0.0,6.0,97.0,0.729494892578125,False,REGULAR,USD
SNAP250516P00005000,2023-11-10 18:24:25+00:00,5.0,0.46,0.36,0.43,0.0,0.0,1.0,311.0,0.65039412109375,False,REGULAR,USD
SNAP250516P00007000,2023-11-14 14:39:59+00:00,7.0,0.88,0.83,0.88,-0.100000024,-10.204083,442.0,12188.0,0.5996133789062501,False,REGULAR,USD
SNAP250516P00010000,2023-11-14 16:01:25+00:00,10.0,1.95,1.9,1.96,-0.18000007,-8.450707,6.0,1068.0,0.5434615966796876,False,REGULAR,USD
SNAP250516P00012000,2023-11-14 15:35:11+00:00,12.0,2.87,2.85,2.93,-0.34000015,-10.591905,2.0,498.0,0.5109912182617188,False,REGULAR,USD
SNAP250516P00015000,2023-11-09 20:56:17+00:00,15.0,5.25,4.65,4.75,0.0,0.0,2.0,159.0,0.47998566894531247,True,REGULAR,USD
SNAP250516P00017000,2023-11-13 14:34:08+00:00,17.0,6.6,6.05,6.2,0.0,0.0,1.0,4.0,0.4624077197265626,True,REGULAR,USD
SNAP250516P00020000,2023-11-09 14:58:33+00:00,20.0,8.9,8.45,8.6,0.0,0.0,8.0,68.0,0.43457596679687505,True,REGULAR,USD
SNAP250516P00025000,2023-10-24 14:57:28+00:00,25.0,15.3,12.85,12.95,0.0,0.0,3.0,0.0,0.3398503515625,True,REGULAR,USD
SNAP260116C00001000,2023-11-10 14:30:32+00:00,1.0,10.15,10.7,12.0,0.0,0.0,1.0,13.0,1.22266013671875,True,REGULAR,USD
SNAP260116C00003000,2023-11-14 17:06:49+00:00,3.0,9.7,9.6,9.8,0.75,8.379889,7.0,178.0,0.90429783203125,True,REGULAR,USD
SNAP260116C00004000,2023-10-31 14:01:13+00:00,4.0,6.85,8.8,9.1,0.0,0.0,3.0,13.0,0.8413101806640625,True,REGULAR,USD
SNAP260116C00005000,2023-11-14 15:13:10+00:00,5.0,8.42,8.2,8.4,1.0,13.477089,6.0,309.0,0.81445498046875,True,REGULAR,USD
SNAP260116C00007000,2023-11-14 15:20:29+00:00,7.0,7.1,6.8,7.2,0.8699999,13.9646845,16.0,298.0,0.7397486962890624,True,REGULAR,USD
SNAP260116C00010000,2023-11-13 20:11:20+00:00,10.0,5.65,5.3,5.6,0.84000015,17.463621,7.0,804.0,0.68555001953125,True,REGULAR,USD
SNAP260116C00012000,2023-11-14 15:06:29+00:00,12.0,4.8,4.6,4.7,0.73,17.936117,4.0,101.0,0.6674837939453127,True,REGULAR,USD
SNAP260116C00015000,2023-11-14 15:20:29+00:00,15.0,3.67,3.55,3.75,0.6200001,20.327873,60.0,381.0,0.6425816992187501,False,REGULAR,USD
SNAP260116C00017000,2023-11-13 18:38:48+00:00,17.0,2.93,3.05,3.2,0.35000014,13.565898,17.0,1183.0,0.6315954809570312,False,REGULAR,USD
SNAP260116C00020000,2023-11-14 16:15:07+00:00,20.0,2.5,2.42,2.51,0.42000008,20.192312,27.0,803.0,0.6149940844726562,False,REGULAR,USD
SNAP260116P00001000,2023-09-25 17:26:47+00:00,1.0,0.05,0.0,0.5,0.0,0.0,2.0,0.0,1.3515657421874998,False,REGULAR,USD
SNAP260116P00002000,2023-10-24 14:35:33+00:00,2.0,0.27,0.0,0.24,0.0,0.0,2.0,0.0,0.77148666015625,False,REGULAR,USD
SNAP260116P00003000,2023-10-24 14:34:30+00:00,3.0,0.43,0.06,0.53,0.0,0.0,2.0,9.0,0.7500025,False,REGULAR,USD
SNAP260116P00004000,2023-11-08 15:48:30+00:00,4.0,0.38,0.13,0.63,-0.060000002,-13.636364,1.0,5128.0,0.6513706738281251,False,REGULAR,USD
SNAP260116P00005000,2023-11-09 20:04:13+00:00,5.0,0.66,0.56,0.62,0.0,0.0,1.0,3561.0,0.6210975390625001,False,REGULAR,USD
SNAP260116P00007000,2023-11-10 16:46:07+00:00,7.0,1.29,1.16,1.22,0.0,0.0,15.0,82.0,0.5839885351562499,False,REGULAR,USD
SNAP260116P00010000,2023-11-14 16:39:18+00:00,10.0,2.4,2.3,2.42,-0.16999984,-6.6147804,72.0,104.0,0.52539537109375,False,REGULAR,USD
SNAP260116P00012000,2023-11-14 15:28:00+00:00,12.0,3.37,3.25,3.45,-0.33000016,-8.918923,3.0,83.0,0.508793974609375,False,REGULAR,USD
SNAP260116P00015000,2023-11-10 18:33:32+00:00,15.0,5.57,5.1,5.25,0.0,0.0,1.0,37.0,0.4689994506835938,True,REGULAR,USD
SNAP260116P00017000,2023-10-25 16:29:05+00:00,17.0,8.2,6.45,6.65,0.0,0.0,10.0,13.0,0.44922425781249997,True,REGULAR,USD
