date,value,Volume,Open,High,Low
4/2/2018,48.92,67058020,$51.69 ,$52.04 ,$47.29 
4/3/2018,49.75,39415690,$49.00 ,$49.96 ,$48.41 
4/4/2018,49.99,30274280,$48.10 ,$50.16 ,$48.01 
4/5/2018,50.38,24757310,$50.01 ,$50.72 ,$49.97 
4/6/2018,48.79,28208900,$49.79 ,$50.40 ,$48.50 
4/9/2018,49.55,31363780,$49.16 ,$51.11 ,$49.16 
4/10/2018,51.27,26332790,$51.12 ,$51.49 ,$50.34 
4/11/2018,51.1,17560440,$50.99 ,$51.73 ,$50.82 
4/12/2018,52.72,29750460,$51.49 ,$53.27 ,$51.45 
4/13/2018,51.86,20864040,$53.06 ,$53.21 ,$51.60 
4/16/2018,52.4,18838800,$52.29 ,$52.53 ,$51.79 
4/17/2018,53.54,21189610,$52.91 ,$53.70 ,$52.89 
4/18/2018,53.61,22155870,$53.52 ,$54.36 ,$53.34 
4/19/2018,52.22,25369040,$52.95 ,$52.96 ,$51.61 
4/20/2018,51.53,26851880,$52.17 ,$52.28 ,$50.88 
4/23/2018,51.1,21656930,$51.69 ,$51.89 ,$50.85 
4/24/2018,51.45,42468290,$51.87 ,$53.64 ,$51.14 
4/25/2018,51.38,25592280,$51.86 ,$52.10 ,$50.60 
4/26/2018,53.05,38373340,$52.26 ,$53.27 ,$52.07 
4/27/2018,52.73,69713580,$55.44 ,$55.79 ,$52.23 
4/30/2018,51.62,36384090,$52.56 ,$53.37 ,$51.21 
5/1/2018,53.33,27564850,$51.64 ,$53.42 ,$51.44 
5/2/2018,52.31,25754240,$53.09 ,$53.20 ,$52.15 
5/3/2018,52.28,28477800,$51.89 ,$52.56 ,$51.21 
5/4/2018,52.78,25636750,$51.62 ,$52.84 ,$51.00 
5/7/2018,53.33,20304880,$52.86 ,$53.58 ,$52.83 
5/8/2018,53.63,20657760,$53.30 ,$53.63 ,$52.80 
5/9/2018,54.34,19816890,$53.76 ,$54.37 ,$53.19 
5/10/2018,54.98,18696150,$54.55 ,$55.00 ,$54.10 
5/11/2018,54.67,15396720,$54.62 ,$55.19 ,$54.43 
5/14/2018,54.9,21831130,$54.77 ,$55.24 ,$54.74 
5/15/2018,53.92,21698640,$54.58 ,$54.75 ,$53.56 
5/16/2018,54.64,16093190,$54.17 ,$54.70 ,$53.96 
5/17/2018,54.81,16868500,$54.55 ,$55.44 ,$54.42 
5/18/2018,53.5,23659030,$54.53 ,$54.54 ,$53.47 
5/21/2018,54.32,25157290,$54.36 ,$55.22 ,$53.86 
5/22/2018,54.45,19007430,$54.73 ,$55.05 ,$54.05 
5/23/2018,55.21,20512760,$54.00 ,$55.23 ,$53.84 
5/24/2018,54.75,19472190,$55.18 ,$55.30 ,$54.13 
5/25/2018,55.44,18508060,$54.80 ,$55.50 ,$54.54 
5/29/2018,55.32,24176370,$55.12 ,$55.81 ,$54.81 
5/30/2018,55.68,24556310,$55.89 ,$56.20 ,$55.62 
5/31/2018,55.2,30934950,$55.67 ,$55.86 ,$55.06 
6/1/2018,57.08,31153130,$55.84 ,$57.10 ,$55.80 
6/4/2018,56.83,22460260,$57.01 ,$57.60 ,$56.78 
6/5/2018,56.53,21650300,$56.90 ,$57.12 ,$56.22 
6/6/2018,57.03,22950320,$56.53 ,$57.06 ,$56.08 
6/7/2018,55.88,27571480,$56.92 ,$57.00 ,$55.62 
6/8/2018,55.05,30819250,$55.56 ,$55.70 ,$54.66 
6/11/2018,54.52,25427230,$54.80 ,$55.09 ,$54.26 
6/12/2018,54.82,23140540,$54.87 ,$55.03 ,$54.22 
6/13/2018,55.03,22514600,$54.98 ,$55.70 ,$54.91 
6/14/2018,55.54,23410400,$55.45 ,$55.86 ,$55.18 
6/15/2018,55.11,39173960,$55.17 ,$55.38 ,$54.58 
6/18/2018,53.22,40730070,$54.30 ,$54.30 ,$52.34 
6/19/2018,52.93,31772080,$52.14 ,$52.95 ,$51.88 
6/20/2018,53.46,21400640,$53.19 ,$53.75 ,$52.69 
6/21/2018,52.19,44370420,$54.38 ,$54.53 ,$51.94 
6/22/2018,52.5,34664470,$52.62 ,$53.09 ,$52.30 
6/25/2018,50.71,45320560,$51.17 ,$51.75 ,$49.91 
6/26/2018,49.67,37512410,$49.95 ,$50.41 ,$49.36 
6/27/2018,48.76,33280020,$49.34 ,$50.06 ,$48.75 
6/28/2018,49.25,29052480,$48.58 ,$49.49 ,$48.50 
6/29/2018,49.71,28902790,$49.53 ,$50.11 ,$49.50 
7/2/2018,50.2,23741080,$49.04 ,$50.27 ,$48.83 
7/3/2018,49.47,16327900,$50.58 ,$50.86 ,$49.43 
7/5/2018,50.75,26106880,$49.98 ,$50.96 ,$49.75 
7/6/2018,51.37,19959960,$50.77 ,$51.50 ,$50.40 
7/9/2018,51.86,21343680,$51.64 ,$51.89 ,$51.00 
7/10/2018,52.16,17323870,$52.10 ,$52.26 ,$51.84 
7/11/2018,51.2,18642300,$51.69 ,$51.87 ,$51.19 
7/12/2018,52.35,20288260,$52.05 ,$52.48 ,$51.73 
7/13/2018,52.22,13747780,$52.40 ,$52.42 ,$51.76 
7/16/2018,52.01,15893050,$52.15 ,$52.32 ,$51.87 
7/17/2018,51.75,15702030,$51.05 ,$51.88 ,$51.01 
7/18/2018,51.72,14641310,$51.87 ,$51.97 ,$51.47 
7/19/2018,51.98,15688590,$51.60 ,$52.01 ,$51.05 
7/20/2018,51.91,17380050,$51.83 ,$52.07 ,$51.33 
7/23/2018,52.31,15867890,$51.77 ,$52.50 ,$51.33 
7/24/2018,52.18,17786160,$52.76 ,$53.30 ,$52.08 
7/25/2018,52.43,19756140,$52.21 ,$52.45 ,$51.09 
7/26/2018,52.16,26848630,$52.45 ,$53.18 ,$51.87 
7/27/2018,47.68,67781420,$48.76 ,$49.20 ,$47.48 
7/30/2018,47.69,35212830,$47.63 ,$47.99 ,$46.43 
7/31/2018,48.1,36406210,$48.24 ,$48.68 ,$47.69 
8/1/2018,48.81,28054040,$48.06 ,$48.91 ,$48.00 
8/2/2018,49.48,26387650,$48.50 ,$49.52 ,$48.20 
8/3/2018,49.63,22004190,$49.50 ,$49.78 ,$49.17 
8/6/2018,49.3,26445230,$48.77 ,$49.31 ,$48.32 
8/7/2018,49.7,28315470,$49.43 ,$49.83 ,$49.41 
8/8/2018,49.96,21981650,$49.60 ,$50.13 ,$49.44 
8/9/2018,50.14,23362970,$49.86 ,$50.60 ,$49.72 
8/10/2018,48.85,28695820,$48.51 ,$49.17 ,$48.30 
8/13/2018,48.45,17000380,$48.92 ,$49.24 ,$48.38 
8/14/2018,48.12,22407870,$48.67 ,$48.76 ,$47.65 
8/15/2018,47.46,26555070,$47.78 ,$48.00 ,$46.90 
8/16/2018,47.17,24287200,$47.75 ,$47.95 ,$47.05 
8/17/2018,47.1,26368390,$47.00 ,$47.39 ,$46.33 
8/20/2018,46.5,24039470,$47.05 ,$47.12 ,$46.19 
8/21/2018,47.62,18617550,$46.66 ,$47.85 ,$46.64 
8/22/2018,47.05,23097140,$47.25 ,$47.35 ,$46.92 
8/23/2018,46.98,31038380,$46.86 ,$47.17 ,$46.71 
8/24/2018,47.66,17912840,$47.29 ,$47.89 ,$47.08 
8/27/2018,48.35,17096430,$48.00 ,$48.39 ,$47.63 
8/28/2018,48.57,13468210,$48.55 ,$48.79 ,$48.31 
8/29/2018,48.75,13296010,$48.70 ,$48.86 ,$48.40 
8/30/2018,48.24,16279490,$48.52 ,$48.83 ,$48.09 
8/31/2018,48.43,16385680,$47.96 ,$48.56 ,$47.92 
9/4/2018,47.96,15669670,$48.38 ,$48.43 ,$47.56 
9/5/2018,47.72,20798820,$47.75 ,$48.12 ,$47.47 
9/6/2018,47.26,19315070,$47.76 ,$47.96 ,$47.21 
9/7/2018,46.45,25792810,$46.91 ,$47.48 ,$46.36 
9/10/2018,46.3,21264970,$46.56 ,$46.76 ,$46.23 
9/11/2018,44.93,32438230,$46.00 ,$46.03 ,$44.89 
9/12/2018,44.93,29723230,$44.56 ,$44.98 ,$44.06 
9/13/2018,45.57,18498420,$45.68 ,$45.85 ,$45.11 
9/14/2018,45.54,22697430,$45.78 ,$45.97 ,$45.35 
9/17/2018,45.42,17242530,$45.29 ,$45.90 ,$45.19 
9/18/2018,46.1,20366080,$45.58 ,$46.53 ,$45.41 
9/19/2018,46.15,15829560,$46.09 ,$46.44 ,$45.89 
9/20/2018,47.2,21765110,$46.78 ,$47.36 ,$46.52 
9/21/2018,46.66,52262680,$47.12 ,$47.42 ,$46.37 
9/24/2018,46.91,17831910,$46.31 ,$47.00 ,$46.15 
9/25/2018,45.91,22027790,$46.22 ,$46.39 ,$45.80 
9/26/2018,45.7,23412530,$46.04 ,$46.30 ,$45.58 
9/27/2018,45.88,15287150,$45.91 ,$46.17 ,$45.73 
9/28/2018,47.29,46200440,$45.62 ,$47.75 ,$45.46 
10/1/2018,46.45,23653550,$46.79 ,$47.22 ,$46.20 
10/2/2018,48.1,40746390,$47.51 ,$48.88 ,$47.32 
10/3/2018,48.76,38872430,$48.62 ,$49.72 ,$48.56 
10/4/2018,48.13,28662300,$48.84 ,$48.86 ,$47.62 
10/5/2018,47.03,28893760,$48.23 ,$48.34 ,$46.66 
10/8/2018,47.03,18524970,$46.96 ,$47.35 ,$46.52 
10/9/2018,46.55,23272260,$47.18 ,$47.62 ,$46.54 
10/10/2018,44.8,41642550,$46.06 ,$46.12 ,$44.80 
10/11/2018,44.23,43483080,$45.15 ,$45.61 ,$43.73 
10/12/2018,44.88,31749480,$45.27 ,$45.34 ,$44.23 
10/15/2018,44.53,21407880,$44.63 ,$45.14 ,$44.44 
10/16/2018,45.94,21268670,$44.90 ,$46.01 ,$44.83 
10/17/2018,45.89,23111280,$46.00 ,$46.33 ,$45.54 
10/18/2018,44.97,26311200,$45.65 ,$45.75 ,$44.83 
10/19/2018,44,28270420,$45.02 ,$45.18 ,$43.86 
10/22/2018,45.01,34236640,$44.50 ,$45.34 ,$44.10 
10/23/2018,44.5,38244220,$44.18 ,$45.09 ,$43.91 
10/24/2018,42.42,33189380,$44.16 ,$44.36 ,$42.36 
10/25/2018,44.31,47052220,$43.54 ,$44.94 ,$43.28 
10/26/2018,45.69,67247680,$45.59 ,$46.44 ,$44.70 
10/29/2018,45.4,35444440,$46.50 ,$46.75 ,$44.44 
10/30/2018,47.76,43941200,$45.53 ,$47.88 ,$45.46 
10/31/2018,46.88,33343570,$48.29 ,$48.56 ,$46.83 
11/1/2018,48.22,28215450,$46.95 ,$48.47 ,$46.86 
11/2/2018,47.11,30630070,$48.13 ,$48.25 ,$46.75 
11/5/2018,47.97,23742310,$47.34 ,$48.25 ,$46.92 
11/6/2018,47.25,23802430,$47.80 ,$47.92 ,$47.03 
11/7/2018,48.72,29900000,$47.63 ,$48.75 ,$47.59 
11/8/2018,48.99,26579920,$48.49 ,$49.29 ,$48.46 
11/9/2018,48.11,21752760,$48.79 ,$49.03 ,$47.87 
11/12/2018,46.65,24055970,$47.71 ,$47.80 ,$46.60 
11/13/2018,47.39,29284040,$46.99 ,$48.25 ,$46.99 
11/14/2018,47.09,25375230,$47.85 ,$47.97 ,$46.89 
11/15/2018,48.11,28937860,$47.01 ,$48.24 ,$46.72 
11/16/2018,48.83,31417980,$47.77 ,$49.05 ,$47.69 
11/19/2018,48,26435640,$48.61 ,$49.15 ,$47.78 
11/20/2018,47.39,29192730,$47.40 ,$48.12 ,$47.09 
11/21/2018,47.03,18811570,$47.85 ,$47.88 ,$47.02 
11/23/2018,46.54,8906879,$46.69 ,$47.07 ,$46.52 
11/26/2018,47.45,19976140,$47.27 ,$47.46 ,$46.70 
11/27/2018,48.07,27598840,$46.94 ,$48.22 ,$46.59 
11/28/2018,48.86,27660080,$47.94 ,$48.88 ,$47.65 
11/29/2018,47.7,23230250,$48.49 ,$48.56 ,$47.63 
11/30/2018,49.31,43281210,$47.95 ,$49.32 ,$47.56 
12/3/2018,50.13,29972310,$50.00 ,$50.50 ,$49.53 
12/4/2018,47.75,33374960,$49.52 ,$49.60 ,$47.68 
12/6/2018,48.37,31225600,$46.80 ,$48.39 ,$46.52 
12/7/2018,46.24,33055310,$47.94 ,$48.06 ,$46.23 
12/10/2018,47.21,22818690,$46.28 ,$47.46 ,$46.01 
12/11/2018,47.38,20956500,$47.90 ,$48.59 ,$47.13 
12/12/2018,47.83,31251120,$48.58 ,$48.64 ,$47.41 
12/13/2018,48.29,19303560,$48.26 ,$48.58 ,$47.86 
12/14/2018,47.86,26366290,$47.89 ,$48.76 ,$47.85 
12/17/2018,47.08,26382210,$47.86 ,$48.41 ,$46.66 
12/18/2018,47.74,28021790,$47.47 ,$48.45 ,$47.36 
12/19/2018,45.57,39301200,$47.49 ,$47.73 ,$45.38 
12/20/2018,45.54,37665490,$45.41 ,$46.31 ,$45.01 
12/21/2018,44.84,52528650,$45.75 ,$46.65 ,$44.80 
12/24/2018,43.59,19241560,$44.63 ,$45.17 ,$43.54 
12/26/2018,46.19,28570180,$44.00 ,$46.20 ,$43.51 
12/27/2018,46.36,28821130,$45.62 ,$46.38 ,$44.67 
12/28/2018,46.75,24701860,$46.51 ,$47.74 ,$46.30 
12/31/2018,46.93,20484740,$47.09 ,$47.48 ,$46.55 
1/2/2019,47.08,18733890,$45.96 ,$47.47 ,$45.77 
1/3/2019,44.49,31967690,$46.15 ,$46.28 ,$44.39 
1/4/2019,47.22,35321630,$45.84 ,$47.57 ,$45.54 
1/7/2019,47.44,22491020,$47.10 ,$48.00 ,$46.75 
1/8/2019,47.74,22551790,$47.80 ,$48.03 ,$46.78 
1/9/2019,48.01,22528800,$47.96 ,$48.57 ,$47.78 
1/10/2019,48.56,27126590,$47.75 ,$48.65 ,$47.41 
1/11/2019,48.93,21599330,$48.10 ,$49.29 ,$48.05 
1/14/2019,48.35,19035810,$48.46 ,$48.83 ,$48.30 
1/15/2019,48.6,22401790,$48.71 ,$49.13 ,$48.44 
1/16/2019,48.13,18936240,$48.60 ,$48.89 ,$48.08 
1/17/2019,48.47,17224030,$48.00 ,$48.84 ,$47.91 
1/18/2019,49.19,29788730,$49.11 ,$49.38 ,$48.69 
1/22/2019,48.27,25930810,$48.96 ,$48.98 ,$47.87 
1/23/2019,47.94,18876580,$48.41 ,$48.80 ,$47.52 
1/24/2019,49.76,49770590,$48.70 ,$50.04 ,$48.60 
1/25/2019,47.04,86449630,$46.85 ,$47.43 ,$45.75 
1/28/2019,46.71,35518250,$46.13 ,$46.73 ,$46.05 
1/29/2019,46.54,20915270,$46.78 ,$46.97 ,$46.33 
1/30/2019,47.54,26746480,$46.68 ,$47.68 ,$46.45 
1/31/2019,47.12,41457610,$46.70 ,$47.18 ,$46.10 
2/1/2019,48.73,37424720,$47.06 ,$49.05 ,$47.01 
2/4/2019,49.22,20851710,$48.62 ,$49.24 ,$48.24 
2/5/2019,50.01,31577230,$49.18 ,$50.72 ,$49.18 
2/6/2019,49.9,21642300,$49.95 ,$50.64 ,$49.82 
2/7/2019,49.23,27807690,$49.50 ,$49.85 ,$48.68 
2/8/2019,48.84,18848690,$48.77 ,$49.02 ,$48.01 
2/11/2019,48.77,17998810,$49.02 ,$49.32 ,$48.58 
2/12/2019,50.01,18039220,$49.36 ,$50.14 ,$49.27 
2/13/2019,50.47,17501310,$50.13 ,$50.81 ,$50.00 
2/14/2019,50.81,17530450,$50.41 ,$51.04 ,$50.35 
2/15/2019,51.66,22512380,$51.25 ,$51.67 ,$51.09 
2/19/2019,51.4,15579990,$51.35 ,$51.71 ,$51.34 
2/20/2019,51.39,20795430,$51.63 ,$51.73 ,$51.06 
2/21/2019,51.41,16090480,$51.32 ,$51.84 ,$51.21 
2/22/2019,52.49,31916620,$52.70 ,$52.98 ,$52.06 
2/25/2019,53.1,20558900,$53.06 ,$53.61 ,$52.86 
2/26/2019,53.23,16029950,$53.01 ,$53.37 ,$52.91 
2/27/2019,53.24,17588260,$52.76 ,$53.38 ,$52.51 
2/28/2019,52.96,18124460,$52.92 ,$53.18 ,$52.81 
3/1/2019,53.3,18297780,$53.44 ,$53.68 ,$52.89 
3/4/2019,53.94,21553130,$53.75 ,$54.10 ,$53.21 
3/5/2019,53.68,20073560,$53.85 ,$53.99 ,$53.11 
3/6/2019,52.95,14707390,$53.63 ,$53.65 ,$52.94 
3/7/2019,52.6,17802960,$52.77 ,$52.99 ,$52.36 
3/8/2019,52.48,16789600,$51.97 ,$52.56 ,$51.70 
3/11/2019,53.35,18125150,$52.88 ,$53.65 ,$52.57 
3/12/2019,53.57,20759890,$53.34 ,$53.96 ,$53.18 
3/13/2019,54.37,25516130,$54.00 ,$54.57 ,$53.65 
3/14/2019,53.44,26581850,$54.30 ,$54.45 ,$53.33 
3/15/2019,54.33,46483390,$53.68 ,$54.69 ,$53.68 
3/18/2019,54.1,15900080,$54.42 ,$54.51 ,$53.87 
3/19/2019,54.17,17045060,$54.47 ,$54.65 ,$54.00 
3/20/2019,53.82,23330720,$54.06 ,$54.40 ,$53.61 
3/21/2019,54.64,18715860,$53.92 ,$54.99 ,$53.84 
3/22/2019,53.26,21329170,$54.40 ,$54.62 ,$53.21 
3/25/2019,52.78,16638820,$52.97 ,$53.55 ,$52.38 
3/26/2019,53.44,17709670,$53.32 ,$53.77 ,$53.04 
3/27/2019,53.16,19185200,$53.59 ,$53.86 ,$52.94 
3/28/2019,53.11,13479770,$53.25 ,$53.44 ,$52.77 
3/29/2019,53.7,18568690,$53.80 ,$54.04 ,$53.48 
4/1/2019,54.51,17216940,$54.34 ,$54.57 ,$54.10 
4/2/2019,54.36,13507980,$54.53 ,$54.80 ,$54.23 
4/3/2019,55.48,24439760,$55.03 ,$55.99 ,$54.89 
4/4/2019,55.92,16421070,$55.27 ,$56.14 ,$55.27 
4/5/2019,55.6,18919000,$55.75 ,$55.95 ,$54.87 
4/8/2019,55.68,11751750,$55.28 ,$55.74 ,$55.20 
4/9/2019,55.32,13204510,$55.35 ,$55.43 ,$54.90 
4/10/2019,55.75,12841760,$55.32 ,$55.86 ,$55.32 
4/11/2019,55.8,10807340,$55.76 ,$56.07 ,$55.63 
4/12/2019,56.42,12639630,$56.21 ,$56.49 ,$55.84 
4/15/2019,56.28,10986910,$56.46 ,$56.56 ,$55.92 
4/16/2019,56.71,30057100,$56.66 ,$57.47 ,$56.07 
4/17/2019,58.56,38572210,$58.44 ,$59.59 ,$58.12 
4/18/2019,58.49,20014510,$58.71 ,$58.88 ,$58.12 
4/22/2019,58.82,12313140,$58.15 ,$58.83 ,$57.88 
4/23/2019,58.78,17016380,$58.89 ,$58.98 ,$58.50 
4/24/2019,58.72,17603860,$58.52 ,$59.29 ,$58.14 
4/25/2019,57.61,27494710,$58.30 ,$58.38 ,$57.23 
4/26/2019,52.43,72319400,$52.74 ,$53.09 ,$51.52 
4/29/2019,51.11,38546980,$52.17 ,$52.43 ,$51.00 
4/30/2019,51.04,25617960,$51.00 ,$51.43 ,$50.87 
5/1/2019,50.76,20467580,$51.10 ,$51.60 ,$50.74 
5/2/2019,50.55,22655400,$50.80 ,$51.33 ,$50.12 
5/3/2019,51.75,25656640,$51.08 ,$51.82 ,$50.73 
5/6/2019,51.22,26245240,$50.25 ,$51.28 ,$50.19 
5/7/2019,50.48,29713380,$50.60 ,$50.88 ,$49.93 
5/8/2019,49.24,36812430,$50.20 ,$50.79 ,$49.07 
5/9/2019,46.62,59642160,$47.90 ,$48.29 ,$46.05 
5/10/2019,46.2,42522780,$46.44 ,$46.80 ,$45.10 
5/13/2019,44.76,39091930,$45.33 ,$45.64 ,$44.70 
5/14/2019,45.17,24706460,$45.18 ,$45.49 ,$44.87 
5/15/2019,45.62,23407890,$44.92 ,$45.75 ,$44.76 
5/16/2019,45.53,19954650,$45.47 ,$45.95 ,$45.42 
5/17/2019,44.89,22500360,$45.18 ,$45.73 ,$44.76 
5/20/2019,43.56,28674970,$44.00 ,$44.52 ,$43.45 
5/21/2019,44.46,25543370,$44.34 ,$44.78 ,$44.18 
5/22/2019,44,16932520,$44.15 ,$44.46 ,$43.85 
5/23/2019,44.53,35783930,$43.37 ,$44.74 ,$42.86 
5/24/2019,44.57,27168070,$44.59 ,$45.05 ,$44.49 
5/28/2019,43.57,34779860,$44.66 ,$44.69 ,$43.30 
5/29/2019,44.23,28450340,$43.35 ,$44.53 ,$43.33 
5/30/2019,44.73,21618860,$44.30 ,$45.03 ,$44.23 
5/31/2019,44.04,25532530,$44.18 ,$44.79 ,$43.93 
6/3/2019,43.46,31155680,$44.25 ,$44.59 ,$43.20 
6/4/2019,44.79,28094920,$44.16 ,$44.86 ,$43.77 
6/5/2019,44.55,20802010,$45.11 ,$45.18 ,$44.19 
6/6/2019,45.1,19076170,$44.75 ,$45.17 ,$44.51 
6/7/2019,46.03,24370250,$45.25 ,$46.12 ,$45.10 
6/10/2019,46.8,20806080,$46.23 ,$47.19 ,$46.20 
6/11/2019,46.85,18415500,$47.26 ,$47.32 ,$46.52 
6/12/2019,46.32,15900570,$46.67 ,$46.67 ,$46.25 
6/13/2019,46.7,12267630,$46.60 ,$46.96 ,$46.53 
6/14/2019,46.19,15381080,$45.83 ,$46.42 ,$45.55 
6/17/2019,46.13,12643340,$46.14 ,$46.53 ,$45.80 
6/18/2019,47.37,25732290,$46.75 ,$48.00 ,$46.60 
6/19/2019,47.07,17436380,$47.48 ,$47.58 ,$47.00 
6/20/2019,47.19,20126780,$47.87 ,$48.05 ,$46.87 
6/21/2019,47.46,31096250,$46.95 ,$47.73 ,$46.80 
6/24/2019,47.63,14479940,$47.40 ,$47.85 ,$47.17 
6/25/2019,46.85,16665580,$47.56 ,$47.68 ,$46.80 
6/26/2019,48.19,21886310,$47.65 ,$48.48 ,$47.56 
6/27/2019,47.46,23062950,$48.15 ,$48.42 ,$47.24 
6/28/2019,47.87,26646180,$47.77 ,$48.20 ,$47.68 
7/1/2019,48.05,27505450,$49.29 ,$49.45 ,$47.75 
7/2/2019,48.12,15384690,$47.91 ,$48.22 ,$47.69 
7/3/2019,48.52,10739100,$48.18 ,$48.56 ,$48.00 
7/5/2019,48.08,14339230,$48.03 ,$48.18 ,$47.44 
7/8/2019,47.82,16564290,$47.62 ,$47.95 ,$47.07 
7/9/2019,47.75,17853190,$47.36 ,$47.80 ,$47.13 
7/10/2019,48.21,16032270,$47.92 ,$48.61 ,$47.90 
7/11/2019,48.6,16615080,$48.56 ,$48.78 ,$48.31 
7/12/2019,49.92,20148730,$49.00 ,$49.93 ,$48.81 
7/15/2019,50.12,14345080,$50.00 ,$50.25 ,$49.77 
7/16/2019,49.17,17131370,$49.91 ,$50.00 ,$48.96 
7/17/2019,49.39,11928610,$49.50 ,$49.70 ,$49.24 
7/18/2019,49.94,15679640,$49.28 ,$49.99 ,$48.89 
7/19/2019,50.27,29141090,$49.96 ,$50.66 ,$49.91 
7/22/2019,51.35,21686530,$50.01 ,$51.52 ,$49.89 
7/23/2019,51.75,18413520,$52.00 ,$52.00 ,$51.30 
7/24/2019,52.92,20896370,$51.98 ,$52.97 ,$51.80 
7/25/2019,52.16,27765430,$52.51 ,$52.60 ,$51.88 
7/26/2019,51.59,36401550,$52.69 ,$53.50 ,$51.53 
7/29/2019,52.51,21897460,$51.53 ,$52.56 ,$50.78 
7/30/2019,51.7,16487690,$51.71 ,$52.31 ,$51.56 
7/31/2019,50.55,24169750,$51.51 ,$51.72 ,$50.05 
8/1/2019,49.5,34020780,$50.52 ,$51.89 ,$49.47 
8/2/2019,48.68,27881620,$49.09 ,$49.36 ,$48.50 
8/5/2019,46.97,38936650,$47.76 ,$47.96 ,$46.57 
8/6/2019,46.96,26119560,$47.15 ,$47.56 ,$46.77 
8/7/2019,46.73,29440390,$46.30 ,$46.88 ,$45.97 
8/8/2019,47.17,30643740,$46.16 ,$47.37 ,$45.91 
8/9/2019,45.98,24975460,$46.94 ,$47.00 ,$45.78 
8/12/2019,45.6,18494300,$45.76 ,$46.07 ,$45.44 
8/13/2019,46.84,29374660,$45.49 ,$47.05 ,$45.36 
8/14/2019,45.87,25650220,$46.06 ,$46.63 ,$45.65 
8/15/2019,45.7,21992680,$46.10 ,$46.18 ,$45.44 
8/16/2019,46.5,23335690,$46.34 ,$46.68 ,$46.06 
8/19/2019,47.23,21404920,$47.46 ,$47.60 ,$47.04 
8/20/2019,46.6,23115320,$47.03 ,$47.12 ,$46.46 
8/21/2019,47.15,15915800,$47.11 ,$47.29 ,$46.89 
8/22/2019,46.78,19785890,$47.28 ,$47.43 ,$46.69 
8/23/2019,44.96,32817080,$46.35 ,$46.63 ,$44.80 
8/26/2019,45.56,22086630,$45.82 ,$45.82 ,$45.25 
8/27/2019,45.79,16927570,$45.87 ,$46.12 ,$45.50 
8/28/2019,45.79,14895350,$45.70 ,$45.91 ,$45.37 
8/29/2019,46.87,17806110,$46.46 ,$47.22 ,$46.40 
8/30/2019,47.41,16923150,$47.24 ,$47.79 ,$47.16 
9/3/2019,46.98,15010270,$47.12 ,$47.22 ,$46.50 
9/4/2019,48.92,23472110,$47.56 ,$48.95 ,$47.54 
9/5/2019,50.1,30023120,$49.93 ,$51.17 ,$49.87 
9/6/2019,50.92,17067940,$50.25 ,$50.99 ,$50.07 
9/9/2019,51.59,20749660,$51.06 ,$52.03 ,$51.02 
9/10/2019,51.82,18532030,$51.33 ,$51.84 ,$50.83 
9/11/2019,52.79,18968940,$51.60 ,$52.79 ,$51.38 
9/12/2019,53.01,23308710,$53.00 ,$53.33 ,$52.07 
9/13/2019,52.54,18010810,$52.76 ,$53.00 ,$52.23 
9/16/2019,52.2,13354590,$51.90 ,$52.29 ,$51.70 
9/17/2019,51.95,19888220,$52.05 ,$52.14 ,$51.35 
9/18/2019,51.74,15029860,$52.13 ,$52.13 ,$51.16 
9/19/2019,51.57,11849920,$51.70 ,$51.99 ,$51.50 
9/20/2019,50.72,38632500,$51.60 ,$51.88 ,$50.56 
9/23/2019,50.9,21574150,$50.83 ,$51.23 ,$50.39 
9/24/2019,49.82,28472930,$51.10 ,$51.18 ,$49.64 
9/25/2019,51.02,20120840,$49.75 ,$51.21 ,$49.42 
9/26/2019,50.92,11482110,$50.98 ,$51.15 ,$50.34 
9/27/2019,50.78,14846410,$50.63 ,$51.22 ,$50.34 
9/30/2019,51.53,14059200,$51.19 ,$51.60 ,$50.94 
10/1/2019,50.76,18487340,$51.97 ,$52.24 ,$50.43 
10/2/2019,49.39,21437000,$50.31 ,$50.37 ,$48.98 
10/3/2019,50.03,17235570,$49.50 ,$50.07 ,$48.53 
10/4/2019,50.92,12748070,$50.35 ,$50.97 ,$50.03 
10/7/2019,50.62,12722050,$50.70 ,$51.23 ,$50.56 
10/8/2019,49.725,17884430,$50.16 ,$50.48 ,$49.61 
10/9/2019,50.48,12189960,$50.47 ,$50.79 ,$50.15 
10/10/2019,51.11,14611660,$50.41 ,$51.78 ,$50.40 
10/11/2019,52.09,24167110,$52.00 ,$52.79 ,$51.82 
10/14/2019,51.64,16425530,$51.90 ,$51.95 ,$51.44 
10/15/2019,52.65,18970760,$51.93 ,$53.07 ,$51.83 
10/16/2019,52.445,15173070,$52.35 ,$52.56 ,$52.12 
10/17/2019,51.86,16918320,$52.64 ,$52.84 ,$51.38 
10/18/2019,51.36,16975160,$51.75 ,$51.82 ,$51.03 
10/21/2019,52.13,13120650,$51.52 ,$52.17 ,$51.34 
10/22/2019,52.01,13347320,$51.90 ,$52.32 ,$51.89 
10/23/2019,51.72,15961600,$51.37 ,$51.96 ,$51.20 
10/24/2019,52.23,25654060,$52.09 ,$52.43 ,$51.43 
10/25/2019,56.46,59767680,$54.19 ,$56.61 ,$53.92 
10/28/2019,56.76,32307510,$56.38 ,$56.81 ,$56.06 
10/29/2019,56.34,18155770,$56.37 ,$57.24 ,$56.24 
10/30/2019,56.6,15248000,$56.32 ,$56.63 ,$55.62 
10/31/2019,56.53,19249680,$56.33 ,$56.60 ,$55.62 
11/1/2019,56.51,17953470,$55.94 ,$56.65 ,$55.62 
11/4/2019,57.61,19067980,$56.93 ,$57.80 ,$56.85 
11/5/2019,57.55,20865350,$57.47 ,$58.35 ,$57.21 
11/6/2019,57.6,17721000,$57.49 ,$57.71 ,$56.98 
11/7/2019,58.05,16962850,$58.00 ,$58.55 ,$57.86 
11/8/2019,58.27,11890270,$57.85 ,$58.30 ,$57.31 
11/11/2019,58.35,11236370,$57.97 ,$58.50 ,$57.90 
11/12/2019,58.2,11954040,$58.40 ,$58.80 ,$58.03 
11/13/2019,57.89,15409830,$57.87 ,$57.97 ,$57.35 
11/14/2019,57.81,12141220,$57.61 ,$58.04 ,$57.57 
11/15/2019,57.96,16112990,$58.17 ,$58.70 ,$57.62 
11/18/2019,58.25,16101280,$57.70 ,$58.48 ,$57.57 
11/19/2019,58.35,17062830,$58.48 ,$58.65 ,$57.75 
11/20/2019,57.9,18559090,$58.26 ,$58.36 ,$57.37 
11/21/2019,58.22,16139030,$57.49 ,$58.30 ,$57.41 
11/22/2019,57.61,15690160,$58.34 ,$58.65 ,$57.49 
11/25/2019,58.81,15012420,$58.00 ,$58.84 ,$58.00 
11/26/2019,58.9,22381500,$58.95 ,$59.13 ,$58.45 
11/27/2019,58.51,18185510,$58.53 ,$58.59 ,$57.91 
11/29/2019,58.05,9481129,$58.15 ,$58.30 ,$57.79 
12/2/2019,57.66,19166770,$58.55 ,$58.69 ,$57.47 
12/3/2019,56.07,26613650,$56.86 ,$56.86 ,$55.75 
12/4/2019,56.02,18882730,$56.66 ,$56.66 ,$55.86 
12/5/2019,56.08,17675580,$56.41 ,$56.41 ,$55.76 
12/6/2019,56.81,16477410,$56.66 ,$56.99 ,$56.42 
12/9/2019,56.53,14467820,$56.54 ,$56.96 ,$56.50 
12/10/2019,56.59,16157980,$56.71 ,$56.83 ,$56.44 
12/11/2019,57.07,20051870,$56.91 ,$57.17 ,$56.58 
12/12/2019,57.55,27896160,$56.75 ,$58.05 ,$56.61 
12/13/2019,57.79,22795850,$57.55 ,$58.34 ,$57.38 
12/16/2019,57.7,19135290,$58.21 ,$58.57 ,$57.65 
12/17/2019,57.3,21656380,$58.00 ,$58.10 ,$57.13 
12/18/2019,57.17,28273060,$57.39 ,$57.46 ,$56.94 
12/19/2019,57.96,18869000,$57.17 ,$57.99 ,$56.97 
12/20/2019,58.95,49970820,$58.32 ,$59.05 ,$57.89 
12/23/2019,59.23,23593190,$59.06 ,$59.78 ,$59.04 
12/24/2019,59.41,6313179,$59.25 ,$59.48 ,$59.16 
12/26/2019,59.82,11486640,$59.41 ,$59.85 ,$59.35 
12/27/2019,60.08,14086150,$59.91 ,$60.48 ,$59.90 
12/30/2019,59.62,12751110,$59.99 ,$60.05 ,$59.38 
12/31/2019,59.85,14435830,$59.62 ,$59.93 ,$59.36 
1/2/2020,60.84,17713400,$60.24 ,$60.97 ,$60.22 
1/3/2020,60.1,15298580,$59.81 ,$60.70 ,$59.81 
1/6/2020,59.93,17759140,$59.59 ,$60.20 ,$59.33 
1/7/2020,58.93,21960520,$59.78 ,$59.80 ,$58.89 
1/8/2020,58.97,23138270,$58.89 ,$59.32 ,$58.52 
1/9/2020,59.3,18818490,$59.05 ,$59.51 ,$58.83 
1/10/2020,58.94,15201930,$59.57 ,$60.08 ,$58.87 
1/13/2020,59.59,16455830,$59.17 ,$59.78 ,$59.08 
1/14/2020,59.43,17092450,$59.49 ,$59.74 ,$59.19 
1/15/2020,58.94,18498800,$59.30 ,$59.65 ,$58.75 
1/16/2020,59.66,21365530,$59.26 ,$59.84 ,$59.07 
1/17/2020,59.6,21803450,$59.98 ,$60.00 ,$59.24 
1/21/2020,60.55,28358470,$59.81 ,$61.25 ,$59.79 
1/22/2020,62.73,29475120,$61.04 ,$62.85 ,$60.97 
1/23/2020,63.32,42778740,$62.86 ,$63.71 ,$62.81 
1/24/2020,68.47,84711040,$66.57 ,$69.29 ,$66.46 
1/27/2020,65.69,30764000,$66.72 ,$67.42 ,$65.60 
1/28/2020,67.31,30915390,$66.50 ,$67.58 ,$65.94 
1/29/2020,66.33,18076690,$67.63 ,$68.06 ,$66.17 
1/30/2020,66.47,18522360,$65.64 ,$66.50 ,$64.93 
1/31/2020,63.93,25268430,$65.80 ,$65.98 ,$63.67 
2/3/2020,64.42,16654560,$64.46 ,$65.04 ,$64.30 
2/4/2020,65.46,20970750,$65.77 ,$66.06 ,$64.92 
2/5/2020,67.34,23401420,$66.69 ,$67.60 ,$66.13 
2/6/2020,67.09,17408040,$67.30 ,$67.40 ,$66.77 
2/7/2020,66.02,18134650,$66.86 ,$67.30 ,$66.01 
2/10/2020,66.39,22299290,$65.56 ,$66.40 ,$65.44 
2/11/2020,67.41,17975620,$66.83 ,$67.71 ,$66.57 
2/12/2020,67.46,15586600,$67.60 ,$68.09 ,$67.31 
2/13/2020,67.44,11602730,$66.99 ,$67.65 ,$66.74 
2/14/2020,67.27,13405450,$67.52 ,$67.87 ,$66.82 
2/18/2020,66.14,12766570,$66.66 ,$66.69 ,$65.88 
2/19/2020,67.11,13551200,$66.39 ,$67.20 ,$66.18 
2/20/2020,65.45,26452590,$67.04 ,$67.29 ,$64.56 
2/21/2020,64.34,20780470,$65.18 ,$65.25 ,$64.04 
2/24/2020,61.76,26903120,$61.61 ,$62.77 ,$61.32 
2/25/2020,59.73,34495730,$61.99 ,$62.28 ,$59.46 
2/26/2020,59.65,26217740,$60.11 ,$60.82 ,$59.27 
2/27/2020,55.83,42226860,$57.93 ,$58.51 ,$55.80 
2/28/2020,55.52,60728000,$54.30 ,$56.38 ,$53.60 
3/2/2020,58.18,43140300,$55.79 ,$58.22 ,$54.52 
3/3/2020,55.97,49740280,$58.03 ,$59.02 ,$55.40 
3/4/2020,58.68,29223070,$57.01 ,$58.71 ,$56.16 
3/5/2020,56.96,29099160,$57.06 ,$58.66 ,$56.61 
3/6/2020,55.77,36259160,$55.18 ,$56.01 ,$54.54 
3/9/2020,50.85,56196980,$51.92 ,$52.71 ,$50.00 
3/10/2020,53.98,36568950,$52.76 ,$54.00 ,$50.43 
3/11/2020,51.66,38573960,$52.39 ,$53.54 ,$51.01 
3/12/2020,45.54,50661750,$47.99 ,$50.09 ,$45.37 
3/13/2020,54.43,48805060,$48.26 ,$55.00 ,$47.74 
3/16/2020,44.61,53878940,$47.51 ,$52.25 ,$43.63 
3/17/2020,50.08,52085160,$45.76 ,$51.63 ,$45.20 
3/18/2020,47.61,49309880,$46.71 ,$50.05 ,$45.20 
3/19/2020,45.94,44538030,$47.84 ,$49.23 ,$45.16 
3/20/2020,45.83,52344050,$46.51 ,$49.42 ,$45.47 
3/23/2020,49.58,46698480,$46.02 ,$50.49 ,$45.91 
3/24/2020,52.4,50019750,$53.14 ,$54.64 ,$51.35 
3/25/2020,51.26,41106060,$52.48 ,$53.79 ,$49.91 
3/26/2020,55.54,41475410,$51.74 ,$55.95 ,$51.66 
3/27/2020,52.37,31633490,$53.42 ,$54.64 ,$52.07 
3/30/2020,55.49,31628610,$52.99 ,$56.10 ,$52.83 
3/31/2020,54.12,48081860,$55.06 ,$55.80 ,$53.22 
4/1/2020,51.88,29586560,$52.50 ,$54.69 ,$51.43 
4/2/2020,54.35,27809990,$51.29 ,$54.56 ,$51.22 
4/3/2020,54.13,23906060,$53.85 ,$55.13 ,$52.73 
4/6/2020,58.43,32323390,$56.63 ,$58.77 ,$56.12 
4/7/2020,58.4,41410010,$59.94 ,$61.49 ,$58.21 
4/8/2020,58.98,26719500,$58.99 ,$59.51 ,$57.91 
4/9/2020,57.14,40515420,$59.36 ,$59.72 ,$56.06 
4/13/2020,58.7,23251940,$56.57 ,$58.77 ,$56.57 
4/14/2020,60.66,25673990,$60.04 ,$60.90 ,$59.51 
4/15/2020,58.87,22841550,$59.74 ,$59.83 ,$58.39 
4/16/2020,60.79,24433520,$59.61 ,$60.96 ,$58.81 
4/17/2020,60.36,27385640,$62.02 ,$62.13 ,$59.83 
4/20/2020,59.18,26419610,$59.28 ,$60.04 ,$58.89 
4/21/2020,56.36,25248030,$58.11 ,$58.60 ,$55.93 
4/22/2020,60.1,23443750,$58.27 ,$60.50 ,$57.81 
4/23/2020,59.04,35091950,$59.67 ,$60.10 ,$58.81 
4/24/2020,59.26,50220510,$56.20 ,$59.40 ,$56.10 
4/27/2020,59.47,25902240,$59.72 ,$59.83 ,$58.39 
4/28/2020,58.75,28784710,$59.99 ,$60.22 ,$58.26 
4/29/2020,61.8,30451540,$59.44 ,$62.03 ,$59.32 
4/30/2020,59.98,26279880,$61.37 ,$61.54 ,$59.75 
5/1/2020,57.47,21194800,$58.83 ,$59.32 ,$57.31 
5/4/2020,57.99,18957230,$57.12 ,$58.07 ,$56.31 
5/5/2020,58.75,17252060,$58.79 ,$59.30 ,$58.35 
5/6/2020,59.18,17848660,$59.04 ,$59.95 ,$58.94 
5/7/2020,59.17,14733520,$59.93 ,$60.10 ,$58.92 
5/8/2020,59.67,20391090,$59.67 ,$59.78 ,$59.05 
5/11/2020,60.13,18684440,$59.74 ,$60.84 ,$59.71 
5/12/2020,58.39,16754900,$60.22 ,$60.64 ,$58.26 
5/13/2020,57.74,21064970,$58.45 ,$59.23 ,$56.90 
5/14/2020,59.08,21569350,$57.32 ,$59.15 ,$56.10 
5/15/2020,58.28,21373270,$57.40 ,$58.37 ,$56.96 
5/18/2020,59.92,20443710,$59.74 ,$60.28 ,$59.36 
5/19/2020,60.29,21865010,$60.13 ,$61.77 ,$59.85 
5/20/2020,63.1,30583990,$61.16 ,$63.49 ,$61.02 
5/21/2020,61.98,20987740,$63.10 ,$63.80 ,$61.82 
5/22/2020,62.255,14103010,$61.98 ,$62.32 ,$61.42 
5/26/2020,62.34,20933560,$63.68 ,$64.14 ,$62.12 
5/27/2020,63.56,19886270,$62.32 ,$63.59 ,$61.07 
5/28/2020,61.7,17264130,$63.00 ,$63.45 ,$61.49 
5/29/2020,62.93,33395740,$61.90 ,$63.66 ,$61.62 
6/1/2020,61.86,14329040,$62.49 ,$62.66 ,$61.66 
6/2/2020,62.12,20702350,$61.70 ,$62.17 ,$60.83 
6/3/2020,61.93,16737270,$62.45 ,$62.54 ,$61.53 
6/4/2020,62.97,22010140,$61.74 ,$63.47 ,$61.34 
6/5/2020,64.34,26813100,$63.36 ,$65.11 ,$63.16 
6/8/2020,63.67,21546180,$63.97 ,$64.15 ,$62.94 
6/9/2020,63.04,23594130,$62.99 ,$63.71 ,$62.90 
6/10/2020,63.87,21367850,$62.79 ,$64.29 ,$62.75 
6/11/2020,59.7,26998240,$63.07 ,$63.30 ,$59.52 
6/12/2020,59.33,30419770,$60.11 ,$60.96 ,$58.12 
6/15/2020,60.1,29651720,$59.33 ,$60.36 ,$58.58 
6/16/2020,60.4,23226630,$61.49 ,$61.65 ,$59.49 
6/17/2020,60.49,20454770,$60.74 ,$61.28 ,$60.06 
6/18/2020,60.08,24899700,$60.35 ,$60.51 ,$59.32 
6/19/2020,59.62,60324580,$60.65 ,$60.89 ,$59.10 
6/22/2020,60.09,22846010,$59.73 ,$60.55 ,$58.83 
6/23/2020,59.92,22809580,$60.19 ,$60.47 ,$59.86 
6/24/2020,59.09,27764480,$59.64 ,$59.81 ,$58.67 
6/25/2020,58.51,21906940,$58.98 ,$59.09 ,$57.48 
6/26/2020,57.5,38477510,$58.49 ,$58.73 ,$57.07 
6/29/2020,58.27,22150270,$57.47 ,$58.35 ,$56.76 
6/30/2020,59.83,31542060,$58.71 ,$59.98 ,$58.54 
7/1/2020,58.81,14748070,$59.91 ,$60.03 ,$58.76 
7/2/2020,59.13,15578580,$59.19 ,$59.81 ,$58.97 
7/6/2020,59.54,20536720,$58.72 ,$59.62 ,$58.60 
7/7/2020,58.31,15996490,$59.07 ,$59.57 ,$58.14 
7/8/2020,58.61,13277870,$58.45 ,$58.70 ,$57.93 
7/9/2020,58.42,20683690,$58.20 ,$58.75 ,$57.70 
7/10/2020,59.53,17742320,$57.95 ,$59.69 ,$57.83 
7/13/2020,58.58,19082940,$59.84 ,$60.62 ,$58.39 
7/14/2020,58.98,24190870,$57.87 ,$59.25 ,$57.35 
7/15/2020,59.03,19986310,$59.03 ,$59.34 ,$58.42 
7/16/2020,59.14,12425870,$58.54 ,$59.36 ,$58.40 
7/17/2020,60,16322810,$59.42 ,$60.46 ,$59.28 
7/20/2020,61.15,16868660,$60.08 ,$61.38 ,$59.34 
7/21/2020,60.7,19830310,$61.52 ,$61.93 ,$60.44 
7/22/2020,61.05,18959920,$61.31 ,$61.77 ,$60.62 
7/23/2020,60.4,43518550,$61.26 ,$61.74 ,$59.98 
7/24/2020,50.59,182269900,$52.15 ,$52.18 ,$49.50 
7/27/2020,49.57,107526500,$51.03 ,$51.14 ,$49.47 
7/28/2020,49.24,62362610,$49.48 ,$50.23 ,$49.14 
7/29/2020,48.07,60500810,$49.49 ,$49.50 ,$47.90 
7/30/2020,47.99,39735190,$47.83 ,$48.50 ,$47.59 
7/31/2020,47.73,46569880,$48.13 ,$48.32 ,$46.97 
8/3/2020,48.3,31767140,$48.27 ,$48.63 ,$47.74 
8/4/2020,49.13,29045840,$48.60 ,$49.14 ,$48.50 
8/5/2020,48.92,29471070,$49.72 ,$49.72 ,$48.66 
8/6/2020,48.57,23795530,$48.79 ,$48.82 ,$48.10 
8/7/2020,48.03,36765230,$48.53 ,$48.65 ,$47.70 
8/10/2020,49.22,37442610,$48.20 ,$49.39 ,$48.06 
8/11/2020,48.19,35348090,$49.63 ,$49.73 ,$48.06 
8/12/2020,49.19,30687170,$48.67 ,$49.26 ,$48.24 
8/13/2020,48.56,24774510,$49.26 ,$49.33 ,$48.39 
8/14/2020,48.89,22321170,$48.73 ,$49.21 ,$48.65 
8/17/2020,48.93,20018270,$49.11 ,$49.31 ,$48.73 
8/18/2020,48.65,19251400,$49.26 ,$49.57 ,$48.62 
8/19/2020,48.33,27774980,$48.79 ,$48.98 ,$48.25 
8/20/2020,49.17,55081340,$49.81 ,$50.20 ,$49.00 
8/21/2020,49.28,34316470,$49.02 ,$49.31 ,$48.65 
8/24/2020,49.14,36295310,$49.26 ,$49.40 ,$48.82 
8/25/2020,49.43,38384330,$49.35 ,$49.88 ,$49.21 
8/26/2020,49.55,28616620,$49.39 ,$49.67 ,$49.23 
8/27/2020,49.4,24420610,$49.79 ,$49.93 ,$49.17 
8/28/2020,50.43,35384680,$49.57 ,$50.80 ,$49.46 
8/31/2020,50.95,46114130,$51.00 ,$51.50 ,$50.32 
9/1/2020,50.79,30522710,$50.91 ,$51.00 ,$50.22 
9/2/2020,52.25,53000730,$51.21 ,$52.68 ,$51.09 
9/3/2020,50.39,47394340,$52.50 ,$52.62 ,$50.14 
9/4/2020,50.08,43318370,$50.53 ,$51.23 ,$49.49 
9/8/2020,48.91,39752690,$49.26 ,$49.90 ,$48.85 
9/9/2020,49.62,33437270,$49.53 ,$49.97 ,$49.04 
9/10/2020,48.96,32649150,$50.00 ,$50.09 ,$48.71 
9/11/2020,49.28,29333570,$49.26 ,$50.05 ,$48.95 
9/14/2020,49.41,27212490,$48.85 ,$49.72 ,$48.85 
9/15/2020,50,27598260,$49.79 ,$50.60 ,$49.73 
9/16/2020,50.37,26555280,$50.51 ,$51.03 ,$50.17 
9/17/2020,50.32,26959930,$49.37 ,$50.49 ,$49.30 
9/18/2020,49.89,50123500,$50.33 ,$50.50 ,$49.04 
9/21/2020,49.72,27377120,$49.39 ,$49.75 ,$48.83 
9/22/2020,49.95,22290860,$49.89 ,$50.21 ,$49.47 
9/23/2020,48.82,30078800,$49.83 ,$50.15 ,$48.66 
9/24/2020,49.16,29343400,$48.53 ,$49.64 ,$48.42 
9/25/2020,49.94,26633410,$48.96 ,$50.28 ,$48.75 
9/28/2020,51.43,29652250,$50.51 ,$51.46 ,$50.16 
9/29/2020,51.19,19687450,$51.31 ,$51.74 ,$50.95 
9/30/2020,51.78,27711350,$51.24 ,$52.38 ,$51.15 
10/1/2020,52.24,22127580,$52.40 ,$52.72 ,$51.99 
10/2/2020,51.01,25811770,$51.50 ,$51.98 ,$50.99 
10/5/2020,51.69,20883250,$51.30 ,$51.81 ,$51.27 
10/6/2020,51.37,25642790,$51.71 ,$52.70 ,$51.23 
10/7/2020,52.67,21978670,$51.85 ,$52.90 ,$51.79 
10/8/2020,53.37,22369540,$52.91 ,$53.58 ,$52.67 
10/9/2020,52.82,24343900,$53.55 ,$53.85 ,$52.67 
10/12/2020,53.88,27303470,$53.55 ,$54.20 ,$53.21 
10/13/2020,53.83,20005770,$54.27 ,$54.29 ,$53.62 
10/14/2020,53.55,21885110,$54.01 ,$54.40 ,$53.51 
10/15/2020,53.85,18272870,$52.75 ,$53.98 ,$52.62 
10/16/2020,54.16,23421390,$53.90 ,$54.70 ,$53.90 
10/19/2020,54.58,43537220,$54.47 ,$56.23 ,$53.84 
10/20/2020,53.43,27224900,$54.60 ,$54.70 ,$53.27 
10/21/2020,53.5,21866030,$53.14 ,$54.07 ,$52.82 
10/22/2020,53.9,41522740,$53.12 ,$54.22 ,$53.07 
10/23/2020,48.2,97322490,$48.35 ,$48.67 ,$47.66 
10/26/2020,46.72,54161290,$47.85 ,$47.86 ,$46.25 
10/27/2020,45.64,50130520,$45.98 ,$46.41 ,$45.36 
10/28/2020,44.25,45066010,$44.89 ,$45.29 ,$44.20 
10/29/2020,44.11,36796800,$44.24 ,$44.47 ,$43.92 
10/30/2020,44.28,46794170,$44.10 ,$44.80 ,$43.61 
11/2/2020,44.46,33856740,$44.96 ,$45.06 ,$44.24 
11/3/2020,44.85,33587540,$44.73 ,$45.46 ,$44.70 
11/4/2020,45.7,34748150,$45.11 ,$46.15 ,$44.78 
11/5/2020,45.68,31103210,$46.15 ,$46.38 ,$45.53 
11/6/2020,45.39,36233680,$45.54 ,$45.80 ,$44.90 
11/9/2020,45.6,48481730,$46.64 ,$47.35 ,$45.54 
11/10/2020,45.44,39224460,$45.40 ,$46.48 ,$45.25 
11/11/2020,46.35,31496940,$45.90 ,$46.46 ,$45.86 
11/12/2020,44.95,42909920,$46.13 ,$46.19 ,$44.55 
11/13/2020,45.46,30898110,$44.99 ,$45.58 ,$44.97 
11/16/2020,46.19,36306290,$46.04 ,$46.75 ,$45.79 
11/17/2020,45.53,31072060,$45.75 ,$46.12 ,$45.41 
11/18/2020,45.06,32817920,$45.55 ,$45.69 ,$45.04 
11/19/2020,45.62,29469080,$44.92 ,$45.67 ,$44.70 
11/20/2020,45.39,24199280,$45.66 ,$45.88 ,$45.33 
11/23/2020,46.06,35489640,$45.48 ,$46.21 ,$45.45 
11/24/2020,47.01,33901170,$46.29 ,$47.30 ,$46.01 
11/25/2020,47.05,28126890,$47.03 ,$47.18 ,$46.57 
11/27/2020,47.45,15921420,$47.36 ,$48.10 ,$47.36 
11/30/2020,48.35,46332670,$47.42 ,$48.50 ,$47.27 
12/1/2020,49.56,57778190,$48.75 ,$50.23 ,$48.71 
12/2/2020,49.9,33753520,$49.22 ,$50.06 ,$49.18 
12/3/2020,50.99,50261150,$49.92 ,$51.11 ,$49.78 
12/4/2020,51.985,39767720,$51.06 ,$52.65 ,$51.00 
12/7/2020,50.2,51040300,$51.00 ,$51.29 ,$49.56 
12/8/2020,50.69,28956510,$49.83 ,$50.72 ,$49.81 
12/9/2020,50.07,34068390,$50.28 ,$50.84 ,$49.73 
12/10/2020,50.26,33705980,$49.66 ,$50.72 ,$49.59 
12/11/2020,49.73,29398840,$50.14 ,$50.14 ,$49.12 
12/14/2020,50.47,33436400,$49.82 ,$51.34 ,$49.74 
12/15/2020,50.665,25472990,$50.98 ,$51.01 ,$50.21 
12/16/2020,51.12,28350980,$50.71 ,$51.46 ,$50.68 
12/17/2020,50.65,26399020,$51.15 ,$51.32 ,$50.22 
12/18/2020,47.46,119298400,$50.57 ,$50.68 ,$47.11 
12/21/2020,46.36,53775700,$46.32 ,$46.45 ,$45.24 
12/22/2020,46.17,32188770,$46.25 ,$46.34 ,$45.77 
12/23/2020,46.57,22564230,$46.17 ,$47.03 ,$46.07 
12/24/2020,47.07,11865640,$46.60 ,$47.09 ,$46.34 
12/28/2020,47.07,21269170,$47.19 ,$47.64 ,$46.86 
12/29/2020,49.39,84531390,$47.22 ,$50.67 ,$46.49 
12/30/2020,48.75,37385410,$49.11 ,$49.19 ,$48.56 
12/31/2020,49.82,28576790,$48.75 ,$50.19 ,$48.72 
1/4/2021,49.67,46102460,$49.89 ,$51.39 ,$49.40 
1/5/2021,50.61,24866560,$49.45 ,$50.83 ,$49.33 
1/6/2021,51.1,36809640,$50.44 ,$52.15 ,$50.20 
1/7/2021,52.19,32092340,$51.49 ,$52.69 ,$51.30 
1/8/2021,51.65,34625380,$52.45 ,$52.53 ,$51.27 
1/11/2021,51.54,32933280,$51.29 ,$52.24 ,$51.25 
1/12/2021,53.24,39883890,$51.90 ,$53.85 ,$51.56 
1/13/2021,56.95,124070700,$59.50 ,$60.25 ,$56.90 
1/14/2021,59.25,74680890,$58.45 ,$60.14 ,$57.84 
1/15/2021,57.58,50265360,$58.85 ,$59.65 ,$57.50 
1/19/2021,57.99,35647140,$57.94 ,$58.34 ,$57.10 
1/20/2021,58.67,28701260,$58.24 ,$59.22 ,$58.09 
1/21/2021,62.46,87156460,$59.04 ,$63.95 ,$58.22 
1/22/2021,56.66,85729320,$58.85 ,$59.62 ,$56.65 
1/25/2021,55.44,61968550,$56.38 ,$56.50 ,$54.06 
1/26/2021,55.21,31485880,$55.28 ,$56.20 ,$54.85 
1/27/2021,53.59,49722950,$54.61 ,$54.85 ,$53.30 
1/28/2021,56.065,49202560,$54.79 ,$57.40 ,$54.70 
1/29/2021,55.51,37256230,$55.98 ,$57.16 ,$55.36 
2/1/2021,56.69,26926640,$55.95 ,$57.39 ,$55.71 
2/2/2021,58,23580890,$57.19 ,$58.28 ,$56.88 
2/3/2021,57.68,21893190,$57.89 ,$58.33 ,$57.38 
2/4/2021,58.79,29853780,$57.61 ,$58.88 ,$57.19 
2/5/2021,58.18,23432610,$59.00 ,$59.08 ,$58.12 
2/8/2021,59.16,34358300,$58.38 ,$59.22 ,$57.95 
2/9/2021,58.78,28754080,$58.77 ,$59.31 ,$57.94 
2/10/2021,58.86,16325150,$59.30 ,$59.42 ,$58.12 
2/11/2021,60.66,27539120,$59.10 ,$60.99 ,$58.86 
2/12/2021,61.81,26214180,$60.60 ,$62.51 ,$60.43 
2/16/2021,62.47,26326300,$62.00 ,$62.87 ,$61.70 
2/17/2021,61.85,21065330,$61.49 ,$62.19 ,$61.21 
2/18/2021,61.61,17846140,$60.65 ,$61.98 ,$60.64 
2/19/2021,63.01,28290120,$61.91 ,$63.26 ,$61.85 
2/22/2021,60.71,32288180,$61.88 ,$62.70 ,$60.66 
2/23/2021,61.12,27374590,$60.48 ,$61.50 ,$59.17 
2/24/2021,63.19,24669870,$60.53 ,$63.28 ,$60.38 
2/25/2021,60.4,36393950,$62.41 ,$63.54 ,$60.13 
2/26/2021,60.78,38216770,$60.89 ,$61.69 ,$59.68 
3/1/2021,62.88,28503500,$61.72 ,$63.08 ,$61.65 
3/2/2021,61.24,23320020,$62.80 ,$63.14 ,$61.11 
3/3/2021,59.9,28740360,$60.64 ,$61.52 ,$59.70 
3/4/2021,58.33,40210350,$59.83 ,$60.24 ,$57.91 
3/5/2021,60.74,39511670,$59.26 ,$61.18 ,$58.51 
3/8/2021,59.85,33112390,$60.47 ,$61.70 ,$59.72 
3/9/2021,62.67,36387480,$61.18 ,$63.17 ,$60.84 
3/10/2021,62.25,27160320,$63.22 ,$64.12 ,$62.13 
3/11/2021,63.31,30701770,$62.94 ,$64.09 ,$62.39 
3/12/2021,62.9,20172960,$62.65 ,$63.30 ,$62.24 
3/15/2021,63.79,21251480,$63.61 ,$63.88 ,$62.48 
3/16/2021,64.78,30186640,$64.15 ,$65.73 ,$64.08 
3/17/2021,65.78,32394650,$64.22 ,$66.29 ,$63.71 
3/18/2021,63.725,30107870,$65.63 ,$65.70 ,$63.65 
3/19/2021,63.76,54951650,$63.18 ,$64.99 ,$62.92 
3/22/2021,65.63,34380150,$64.82 ,$66.38 ,$64.56 
3/23/2021,63.48,35159950,$66.00 ,$66.05 ,$63.17 
3/24/2021,62.04,74584670,$66.58 ,$67.44 ,$61.99 
3/25/2021,62.02,35401430,$61.66 ,$62.44 ,$60.98 
3/26/2021,64.87,34705760,$61.80 ,$64.97 ,$61.77 
3/29/2021,64.5,26161610,$64.01 ,$65.13 ,$63.61 
3/30/2021,63.77,20709490,$63.77 ,$64.00 ,$63.15 
3/31/2021,64,33013230,$64.01 ,$64.49 ,$63.58 
4/1/2021,64.55,31416250,$64.73 ,$64.89 ,$63.58 
4/5/2021,66.54,27947520,$64.95 ,$66.74 ,$64.70 
4/6/2021,65.56,28771400,$66.06 ,$66.58 ,$65.29 
4/7/2021,66.25,17793260,$65.67 ,$66.57 ,$65.36 
4/8/2021,67.05,22224220,$66.97 ,$67.29 ,$66.36 
4/9/2021,68.26,27177100,$66.80 ,$68.40 ,$66.63 
4/12/2021,65.405,51266880,$68.20 ,$68.49 ,$64.71 
4/13/2021,65.22,26821990,$65.61 ,$65.63 ,$64.21 
4/14/2021,64.19,25768420,$65.31 ,$65.38 ,$63.84 
4/15/2021,65.02,24927680,$63.97 ,$65.22 ,$63.68 
4/16/2021,64.75,24625460,$65.33 ,$65.52 ,$64.57 
4/19/2021,63.63,23997680,$64.70 ,$64.74 ,$63.07 
4/20/2021,62.7,19872120,$63.64 ,$63.76 ,$62.41 
4/21/2021,63.7,24364210,$62.79 ,$63.78 ,$62.30 
4/22/2021,62.57,38257620,$63.35 ,$63.91 ,$62.28 
4/23/2021,59.24,77519830,$59.16 ,$60.00 ,$57.90 
4/26/2021,58.76,39645910,$59.10 ,$59.52 ,$58.46 
4/27/2021,57.97,38167700,$58.56 ,$58.63 ,$57.77 
4/28/2021,57.62,30387350,$57.52 ,$58.16 ,$57.15 
4/29/2021,58.28,23290620,$57.88 ,$58.30 ,$57.47 
4/30/2021,57.53,30731840,$57.61 ,$58.43 ,$57.07 
5/3/2021,57.26,22281700,$57.86 ,$57.88 ,$56.84 
5/4/2021,56.9,35323620,$56.88 ,$56.98 ,$55.81 
5/5/2021,56.85,21001930,$56.96 ,$57.30 ,$56.46 
5/6/2021,57.19,25529250,$56.62 ,$57.25 ,$56.25 
5/7/2021,57.67,19959040,$57.70 ,$58.01 ,$57.24 
5/10/2021,55.97,35046470,$57.15 ,$57.23 ,$55.88 
5/11/2021,55.04,35968050,$55.05 ,$55.63 ,$54.30 
5/12/2021,53.62,30232250,$54.39 ,$54.65 ,$53.42 
5/13/2021,54.01,29192470,$54.04 ,$54.39 ,$53.46 
5/14/2021,55.35,28158310,$54.60 ,$55.85 ,$54.26 
5/17/2021,55.33,19990820,$55.29 ,$55.89 ,$54.76 
5/18/2021,54.84,18703390,$55.95 ,$56.14 ,$54.80 
5/19/2021,55.36,23769650,$54.07 ,$55.43 ,$53.84 
5/20/2021,55.95,23145170,$55.57 ,$56.24 ,$55.36 
5/21/2021,56.08,17723090,$56.42 ,$56.71 ,$55.98 
5/24/2021,56.96,19164350,$56.65 ,$57.39 ,$56.40 
5/25/2021,56.87,22309870,$57.56 ,$57.56 ,$56.42 
5/26/2021,56.92,15173600,$57.05 ,$57.23 ,$56.59 
5/27/2021,57.73,32387640,$57.11 ,$57.88 ,$57.00 
5/28/2021,57.12,20309600,$57.55 ,$57.65 ,$56.94 
6/1/2021,56.89,20326370,$57.61 ,$57.82 ,$56.59 
6/2/2021,57.48,18483590,$56.91 ,$57.69 ,$56.76 
6/3/2021,56.24,21831300,$56.98 ,$57.10 ,$56.09 
6/4/2021,57.37,21493760,$56.55 ,$57.75 ,$56.54 
6/7/2021,57.09,17364400,$57.41 ,$57.44 ,$56.78 
6/8/2021,57,33254480,$57.45 ,$57.64 ,$56.60 
6/9/2021,57,13904790,$57.36 ,$57.48 ,$56.97 
6/10/2021,57.38,26738080,$57.15 ,$58.03 ,$56.93 
6/11/2021,57.85,18119740,$57.47 ,$57.94 ,$56.95 
6/14/2021,58.19,21784520,$58.02 ,$58.20 ,$57.23 
6/15/2021,57.99,20806540,$58.21 ,$58.42 ,$57.80 
6/16/2021,57.22,21879680,$58.15 ,$58.37 ,$56.77 
6/17/2021,57.18,21498760,$57.05 ,$57.90 ,$56.70 
6/18/2021,55.67,55118310,$56.68 ,$56.75 ,$55.10 
6/21/2021,55.87,19254640,$55.75 ,$56.04 ,$55.37 
6/22/2021,55.87,18682810,$55.94 ,$56.28 ,$55.50 
6/23/2021,55.26,20287880,$55.87 ,$55.97 ,$55.23 
6/24/2021,56.07,21209730,$55.49 ,$56.10 ,$55.34 
6/25/2021,55.91,21101240,$56.02 ,$56.41 ,$55.75 
6/28/2021,57.48,22480880,$56.36 ,$57.73 ,$56.34 
6/29/2021,56.75,26359990,$57.55 ,$57.83 ,$55.88 
6/30/2021,56.14,29891580,$56.34 ,$56.38 ,$55.39 
7/1/2021,56.01,24871590,$56.13 ,$56.64 ,$55.87 
7/2/2021,56.76,17223580,$56.55 ,$56.99 ,$56.32 
7/6/2021,56.09,26186600,$56.92 ,$57.01 ,$55.70 
7/7/2021,55.96,14857390,$56.37 ,$56.45 ,$55.71 
7/8/2021,55.39,19161960,$55.31 ,$55.72 ,$54.79 
7/9/2021,55.99,18708000,$55.51 ,$56.11 ,$55.31 
7/12/2021,56.73,15392760,$56.26 ,$56.76 ,$56.11 
7/13/2021,56.87,15715980,$56.62 ,$57.30 ,$56.34 
7/14/2021,56.52,16263610,$57.17 ,$57.46 ,$56.33 
7/15/2021,55.81,18917050,$56.40 ,$56.40 ,$55.57 
7/16/2021,54.97,25263790,$56.05 ,$56.93 ,$54.90 
7/19/2021,54.64,27007670,$54.41 ,$54.81 ,$53.97 
7/20/2021,55.24,19866970,$54.92 ,$55.56 ,$54.27 
7/21/2021,56.23,18497170,$55.18 ,$56.28 ,$55.01 
7/22/2021,55.96,36690980,$56.06 ,$56.54 ,$55.68 
7/23/2021,53,67742250,$54.58 ,$54.71 ,$52.32 
7/26/2021,54.31,32881170,$52.81 ,$54.54 ,$52.76 
7/27/2021,53.18,39878030,$53.12 ,$53.20 ,$52.31 
7/28/2021,53.07,28478850,$53.03 ,$53.92 ,$52.94 
7/29/2021,53.7,16886630,$53.48 ,$54.10 ,$53.32 
7/30/2021,53.72,16465690,$53.65 ,$53.90 ,$53.25 
8/2/2021,53.68,18098080,$53.99 ,$54.47 ,$53.54 
8/3/2021,54.06,16375930,$53.89 ,$54.16 ,$53.26 
8/4/2021,53.9,17612710,$54.25 ,$54.44 ,$53.70 
8/5/2021,53.89,15310010,$53.99 ,$54.02 ,$53.58 
8/6/2021,53.92,19256020,$53.86 ,$54.13 ,$53.73 
8/9/2021,54.05,14670140,$54.08 ,$54.41 ,$53.83 
8/10/2021,53.94,16215710,$54.24 ,$54.39 ,$53.51 
8/11/2021,54.14,18590800,$54.26 ,$54.36 ,$53.84 
8/12/2021,53.54,15073690,$54.17 ,$54.18 ,$53.26 
8/13/2021,53.49,15281070,$53.50 ,$53.56 ,$53.06 
8/16/2021,53.47,17692910,$53.23 ,$53.49 ,$53.00 
8/17/2021,52.69,22014900,$53.17 ,$53.18 ,$52.22 
8/18/2021,52.19,15061740,$52.60 ,$53.03 ,$52.11 
8/19/2021,52.44,22999390,$52.05 ,$52.67 ,$51.58 
8/20/2021,52.01,25728330,$52.16 ,$52.38 ,$51.42 
8/23/2021,53.23,23976260,$52.59 ,$53.54 ,$52.48 
8/24/2021,53.81,20348800,$53.56 ,$53.97 ,$53.31 
8/25/2021,53.81,15048390,$54.08 ,$54.23 ,$53.73 
8/26/2021,53.13,19569980,$53.75 ,$53.75 ,$52.97 
8/27/2021,53.89,16524990,$53.36 ,$53.94 ,$52.92 
8/30/2021,53.94,14581330,$54.26 ,$54.87 ,$53.76 
8/31/2021,54.06,22350100,$54.44 ,$54.50 ,$53.66 
9/1/2021,53.67,18615030,$54.11 ,$54.16 ,$53.53 
9/2/2021,53.73,15880060,$53.80 ,$53.89 ,$53.35 
9/3/2021,53.51,13472750,$53.44 ,$54.08 ,$53.32 
9/7/2021,53.65,13914970,$53.57 ,$53.95 ,$53.44 
9/8/2021,53.57,18235080,$53.73 ,$53.92 ,$52.99 
9/9/2021,53.4,13495800,$53.66 ,$53.89 ,$53.34 
9/10/2021,53.84,20324700,$53.85 ,$54.98 ,$53.81 
9/13/2021,54.99,22639240,$54.61 ,$55.49 ,$54.41 
9/14/2021,54.52,22072720,$55.37 ,$55.44 ,$54.27 
9/15/2021,55.12,18796180,$54.67 ,$55.15 ,$54.42 
9/16/2021,54.83,19863090,$54.86 ,$54.95 ,$54.24 
9/17/2021,54.26,35359230,$54.59 ,$54.59 ,$53.67 
9/20/2021,52.98,35051900,$53.21 ,$53.50 ,$52.32 
9/21/2021,52.87,17968930,$53.20 ,$53.45 ,$52.83 
9/22/2021,53.5,18594120,$53.40 ,$53.87 ,$53.00 
9/23/2021,54.03,16474330,$53.75 ,$54.30 ,$53.60 
9/24/2021,54.22,12976200,$53.78 ,$54.42 ,$53.73 
9/27/2021,54.66,13899910,$53.94 ,$54.87 ,$53.82 
9/28/2021,54,24691320,$54.18 ,$54.59 ,$53.96 
9/29/2021,53.49,20514310,$54.00 ,$54.05 ,$53.18 
9/30/2021,53.28,20534070,$53.76 ,$53.98 ,$53.26 
10/1/2021,53.86,19895100,$53.65 ,$54.11 ,$53.05 
10/4/2021,53.47,27353320,$53.93 ,$54.33 ,$53.08 
10/5/2021,53.95,18129360,$53.55 ,$54.34 ,$53.48 
10/6/2021,53.98,20059580,$53.48 ,$54.07 ,$53.07 
10/7/2021,54.18,20704440,$54.32 ,$54.99 ,$54.12 
10/8/2021,53.81,16068030,$54.55 ,$54.58 ,$53.70 
10/11/2021,53.44,14398760,$53.81 ,$54.41 ,$53.42 
10/12/2021,52.17,32784310,$53.57 ,$53.72 ,$52.01 
10/13/2021,52.26,18533960,$52.38 ,$52.58 ,$51.87 
10/14/2021,53.9,26586650,$52.90 ,$54.00 ,$52.73 
10/15/2021,54.46,25231140,$54.20 ,$54.49 ,$53.81 
10/18/2021,54.47,22407570,$54.19 ,$54.56 ,$53.72 
10/19/2021,55.21,18392880,$54.63 ,$55.22 ,$54.37 
10/20/2021,55.37,16850270,$55.25 ,$55.49 ,$55.08 
10/21/2021,56,38390860,$54.93 ,$56.07 ,$54.83 
10/22/2021,49.46,109971900,$50.39 ,$50.55 ,$49.14 
10/25/2021,49.41,43178770,$49.83 ,$50.07 ,$49.31 
10/26/2021,48.28,68405390,$49.40 ,$49.44 ,$47.93 
10/27/2021,47.89,41081460,$48.52 ,$48.82 ,$47.87 
10/28/2021,48.08,31317180,$48.14 ,$48.36 ,$47.88 
10/29/2021,49,42300970,$48.10 ,$49.28 ,$47.92 
11/1/2021,49.55,28013740,$49.40 ,$49.60 ,$49.00 
11/2/2021,49.86,27193260,$49.61 ,$49.90 ,$49.23 
11/3/2021,50.39,23962120,$49.93 ,$50.45 ,$49.71 
11/4/2021,50.31,24805960,$50.24 ,$50.35 ,$49.73 
11/5/2021,50.92,36816160,$50.55 ,$51.58 ,$50.54 
11/8/2021,51.55,31647840,$51.46 ,$51.99 ,$51.06 
11/9/2021,51.2,22508420,$51.54 ,$51.77 ,$50.77 
11/10/2021,50.76,25040730,$50.98 ,$51.39 ,$50.71 
11/11/2021,50.53,25419990,$51.01 ,$51.07 ,$50.41 
11/12/2021,50.31,23884840,$50.60 ,$50.90 ,$50.18 
11/15/2021,50.32,24695780,$50.41 ,$50.63 ,$50.12 
11/16/2021,50.61,30927770,$50.37 ,$51.15 ,$50.34 
11/17/2021,50.23,23546920,$50.60 ,$50.94 ,$49.98 
11/18/2021,49.68,30667660,$50.24 ,$50.24 ,$48.97 
11/19/2021,49.52,27607600,$49.60 ,$49.73 ,$49.24 
11/22/2021,49.83,33389630,$49.55 ,$50.85 ,$49.41 
11/23/2021,49.1,44713340,$50.16 ,$50.45 ,$48.64 
11/24/2021,49.76,26035780,$48.86 ,$49.78 ,$48.63 
11/26/2021,48.78,25268980,$48.90 ,$49.18 ,$48.12 
11/29/2021,50,31478900,$49.30 ,$50.13 ,$48.72 
11/30/2021,49.2,49460840,$49.50 ,$50.40 ,$48.68 
12/1/2021,48.6,35133400,$49.84 ,$50.31 ,$48.52 
12/2/2021,49.5,37240780,$48.61 ,$49.79 ,$48.33 
12/3/2021,49.25,32224930,$49.68 ,$50.06 ,$48.76 
12/6/2021,50.99,40335980,$49.48 ,$51.21 ,$49.18 
12/7/2021,52.57,91731470,$54.66 ,$55.00 ,$52.21 
12/8/2021,51.75,37143440,$52.57 ,$52.88 ,$51.38 
12/9/2021,50.48,31694240,$51.30 ,$51.59 ,$50.43 
12/10/2021,50.59,23783630,$50.84 ,$51.07 ,$50.05 
12/13/2021,50,35726900,$50.85 ,$51.02 ,$49.95 
12/14/2021,49.7,34120380,$49.82 ,$50.27 ,$49.32 
12/15/2021,50.67,32590320,$49.87 ,$50.78 ,$49.33 
12/16/2021,50.83,33132250,$50.74 ,$51.40 ,$50.58 
12/17/2021,50.62,50190420,$50.59 ,$51.02 ,$50.01 
12/20/2021,49.6,30140280,$49.91 ,$50.13 ,$48.96 
12/21/2021,50.77,31956290,$49.94 ,$50.84 ,$49.94 
12/22/2021,50.97,23307950,$50.64 ,$51.02 ,$50.21 
12/23/2021,51.31,25198250,$51.08 ,$51.73 ,$51.05 
12/27/2021,51.94,20990720,$51.35 ,$52.06 ,$51.30 
12/28/2021,51.76,19290440,$51.93 ,$52.12 ,$51.63 
12/29/2021,51.83,14174780,$51.81 ,$52.14 ,$51.66 
12/30/2021,51.74,18359360,$51.92 ,$52.14 ,$51.65 
12/31/2021,51.5,16318970,$51.89 ,$52.16 ,$51.46 
1/3/2022,53.21,33892930,$51.65 ,$53.23 ,$51.60 
1/4/2022,53.14,45681380,$53.57 ,$53.94 ,$52.65 
1/5/2022,53.87,59109320,$54.19 ,$56.17 ,$53.83 
1/6/2022,54.01,35757880,$54.61 ,$54.67 ,$53.42 
1/7/2022,53.44,30717220,$54.19 ,$54.39 ,$53.15 
1/10/2022,55.21,49260830,$53.97 ,$55.31 ,$53.31 
1/11/2022,55.91,39795190,$55.50 ,$56.08 ,$54.73 
1/12/2022,55.74,29136790,$56.14 ,$56.28 ,$54.81 
1/13/2022,54.94,29605350,$56.00 ,$56.21 ,$54.77 
1/14/2022,55.7,30151530,$54.85 ,$55.77 ,$54.53 
1/18/2022,54.76,35332590,$55.31 ,$55.65 ,$54.68 
1/19/2022,53.62,30595110,$54.63 ,$54.85 ,$53.56 
1/20/2022,52.04,28582610,$53.86 ,$54.09 ,$51.94 
1/21/2022,52.04,46372370,$52.08 ,$53.13 ,$51.95 
1/24/2022,51.94,64273630,$51.48 ,$52.13 ,$49.88 
1/25/2022,51,44095360,$51.01 ,$51.62 ,$50.25 
1/26/2022,51.69,54895390,$51.13 ,$52.72 ,$50.75 
1/27/2022,48.05,89642770,$49.98 ,$50.06 ,$47.78 
1/28/2022,47.73,61945410,$47.71 ,$48.20 ,$46.30 
1/31/2022,48.82,51828450,$47.68 ,$48.87 ,$47.31 
2/1/2022,48.95,35386060,$48.78 ,$49.03 ,$48.36 
2/2/2022,49.51,37962660,$48.25 ,$49.58 ,$48.09 
2/3/2022,48.28,42145840,$49.25 ,$49.69 ,$48.25 
2/4/2022,48.01,32431490,$47.86 ,$48.24 ,$47.13 
2/7/2022,48.18,27558470,$48.13 ,$48.66 ,$47.96 
2/8/2022,48.81,28051190,$47.98 ,$48.94 ,$47.90 
2/9/2022,49.91,35217300,$49.33 ,$49.97 ,$48.83 
2/10/2022,48.86,32762680,$49.18 ,$49.93 ,$48.76 
2/11/2022,47.63,37208230,$48.95 ,$49.11 ,$47.50 
2/14/2022,47.58,28456930,$47.92 ,$48.18 ,$47.11 
2/15/2022,48.44,35857520,$47.70 ,$48.46 ,$47.19 
2/16/2022,48.23,26022940,$48.06 ,$48.49 ,$47.60 
2/17/2022,47.57,32030620,$47.86 ,$48.26 ,$47.38 
2/18/2022,45.04,76520100,$46.19 ,$46.21 ,$44.51 
2/22/2022,44.69,57093320,$44.69 ,$45.41 ,$43.85 
2/23/2022,44.65,38176740,$45.17 ,$45.71 ,$44.55 
2/24/2022,46.72,72740050,$43.90 ,$46.79 ,$43.63 
2/25/2022,47.71,39266330,$46.93 ,$47.79 ,$46.25 
2/28/2022,47.7,41946110,$47.00 ,$47.82 ,$46.85 
3/1/2022,46.82,53852980,$47.54 ,$47.90 ,$46.22 
3/2/2022,48.87,46936510,$47.52 ,$48.99 ,$47.48 
3/3/2022,47.93,36389880,$48.18 ,$48.55 ,$47.62 
3/4/2022,48.07,38324990,$47.37 ,$48.27 ,$47.37 
3/7/2022,47.68,43813750,$48.01 ,$48.54 ,$47.60 
3/8/2022,47.5,44813950,$47.69 ,$48.72 ,$46.89 
3/9/2022,47.63,36076460,$48.41 ,$48.46 ,$46.89 
3/10/2022,46.66,36455950,$47.29 ,$47.31 ,$46.16 
3/11/2022,45.83,27082090,$47.15 ,$47.28 ,$45.77 
3/14/2022,44.4,35993900,$45.90 ,$45.98 ,$44.30 
3/15/2022,44.81,34448890,$44.50 ,$44.90 ,$44.07 
3/16/2022,46.63,38885500,$45.30 ,$46.63 ,$45.27 
3/17/2022,47.14,28554990,$46.32 ,$47.29 ,$45.73 
3/18/2022,47.45,46237120,$46.82 ,$47.60 ,$46.35 
3/21/2022,47.39,32910940,$47.46 ,$47.89 ,$47.07 
3/22/2022,48.39,27923320,$47.50 ,$48.47 ,$47.40 
3/23/2022,48.27,37126380,$48.46 ,$49.58 ,$48.06 
3/24/2022,51.62,51677910,$48.66 ,$51.65 ,$48.59 
3/25/2022,51.83,33249490,$50.69 ,$51.98 ,$50.45 
3/28/2022,51.51,22932370,$51.36 ,$51.57 ,$50.56 
3/29/2022,52.25,27303710,$52.00 ,$52.29 ,$51.28 
3/30/2022,51.43,24623260,$52.25 ,$52.51 ,$51.22 
3/31/2022,49.56,43698250,$51.20 ,$51.26 ,$49.51 
4/1/2022,48.11,46598560,$49.83 ,$49.90 ,$47.33 
4/4/2022,49.2,23811320,$48.17 ,$49.23 ,$47.92 
4/5/2022,48.13,25779170,$48.83 ,$48.98 ,$48.02 
4/6/2022,47.54,31518750,$47.44 ,$48.17 ,$47.24 
4/7/2022,47.56,24116970,$47.43 ,$47.91 ,$46.77 
4/8/2022,47.02,22167260,$47.28 ,$47.58 ,$46.85 
4/11/2022,46.57,30352480,$46.90 ,$47.30 ,$46.53 
4/12/2022,46.5,29861380,$47.32 ,$47.91 ,$46.41 
4/13/2022,47.01,22171270,$46.75 ,$47.27 ,$46.55 
4/14/2022,45.67,36181840,$46.75 ,$46.75 ,$45.62 
4/18/2022,46.64,25593060,$45.53 ,$46.89 ,$45.52 
4/19/2022,47.93,31483100,$46.60 ,$48.00 ,$46.34 
4/20/2022,48.11,22787140,$48.36 ,$48.75 ,$47.98 
4/21/2022,47.5,27316890,$48.62 ,$48.90 ,$47.40 
4/22/2022,46.54,28219860,$47.45 ,$47.65 ,$46.50 
4/25/2022,47.06,35999250,$46.21 ,$47.14 ,$46.18 
4/26/2022,45.52,35356570,$46.69 ,$46.84 ,$45.51 
4/27/2022,45.22,28320900,$45.48 ,$46.06 ,$45.01 
4/28/2022,46.84,41097040,$45.79 ,$47.27 ,$45.54 
4/29/2022,43.59,70765890,$44.99 ,$45.36 ,$43.50 
5/2/2022,44.96,45446470,$43.72 ,$44.99 ,$43.51 
5/3/2022,45.06,40158390,$44.79 ,$45.49 ,$44.23 
5/4/2022,46.54,44625620,$45.06 ,$46.64 ,$44.41 
5/5/2022,44.6,52996680,$45.60 ,$45.91 ,$44.13 
5/6/2022,44.3,40916580,$44.49 ,$45.15 ,$43.84 
5/9/2022,43.07,44925770,$43.81 ,$44.20 ,$42.87 
5/10/2022,44.01,42770020,$44.35 ,$44.74 ,$43.50 
5/11/2022,42.83,40351670,$44.02 ,$44.29 ,$42.78 
5/12/2022,42.84,42329640,$42.73 ,$42.91 ,$42.01 
5/13/2022,43.6,32034140,$43.42 ,$43.84 ,$42.97 
5/16/2022,43.08,25071910,$43.42 ,$43.61 ,$42.79 
5/17/2022,44.4,28596630,$43.82 ,$44.42 ,$43.65 
5/18/2022,42.35,35218390,$43.98 ,$43.98 ,$42.22 
5/19/2022,42.01,29181010,$42.32 ,$42.70 ,$41.72 
5/20/2022,41.65,44802290,$42.25 ,$42.29 ,$40.31 
5/23/2022,42,27199490,$41.69 ,$42.25 ,$41.33 
5/24/2022,41.67,29837490,$41.70 ,$41.89 ,$41.10 
5/25/2022,42.2,26283080,$41.44 ,$42.52 ,$41.39 
5/26/2022,43.48,28826680,$42.17 ,$43.68 ,$42.08 
5/27/2022,44.55,30553320,$43.59 ,$44.55 ,$43.55 
5/31/2022,44.42,41111480,$44.25 ,$44.75 ,$43.65 
6/1/2022,44.11,29885540,$44.77 ,$44.93 ,$43.53 
6/2/2022,44.84,28727640,$44.19 ,$44.88 ,$43.94 
6/3/2022,43.39,33174660,$44.11 ,$44.25 ,$43.34 
6/6/2022,43.34,25437060,$43.81 ,$44.04 ,$43.08 
6/7/2022,43.53,25168690,$43.06 ,$43.59 ,$42.66 
6/8/2022,41.23,59649870,$42.25 ,$42.26 ,$41.03 
6/9/2022,40.01,39047180,$41.01 ,$41.35 ,$40.01 
6/10/2022,39.18,43084430,$39.85 ,$40.08 ,$39.18 
6/13/2022,37.77,50335920,$38.55 ,$38.81 ,$37.67 
6/14/2022,37.93,31351680,$38.01 ,$38.20 ,$37.54 
6/15/2022,38.65,37652260,$38.56 ,$39.17 ,$37.92 
6/16/2022,37.34,45576550,$37.70 ,$37.79 ,$36.93 
6/17/2022,36.97,71393190,$37.48 ,$38.12 ,$36.60 
6/21/2022,37.73,34004880,$37.36 ,$38.03 ,$37.33 
6/22/2022,37.38,32591520,$37.33 ,$37.77 ,$37.22 
6/23/2022,37.41,30162970,$37.61 ,$37.62 ,$36.91 
6/24/2022,38.61,38159910,$37.85 ,$38.64 ,$37.74 
6/27/2022,38.63,29585330,$38.87 ,$39.06 ,$38.47 
6/28/2022,37.78,37842730,$38.58 ,$39.02 ,$37.74 
6/29/2022,37.29,25437200,$37.54 ,$37.60 ,$37.02 
6/30/2022,37.41,35141050,$37.21 ,$38.00 ,$36.73 
7/1/2022,36.34,40596290,$37.09 ,$37.20 ,$35.88 
7/5/2022,36.69,33225870,$35.93 ,$36.74 ,$35.54 
7/6/2022,36.99,26258320,$36.82 ,$37.43 ,$36.46 
7/7/2022,38.14,33165410,$37.89 ,$38.33 ,$37.73 
7/8/2022,37.99,22566350,$37.66 ,$38.14 ,$37.39 
7/11/2022,37.2,25946880,$37.66 ,$37.68 ,$37.03 
7/12/2022,37.21,30546280,$37.65 ,$37.70 ,$36.99 
7/13/2022,37.21,27059160,$36.68 ,$37.43 ,$36.62 
7/14/2022,37.71,36690670,$36.99 ,$38.16 ,$36.29 
7/15/2022,38.62,32892290,$38.27 ,$38.67 ,$37.73 
7/18/2022,38.71,30814370,$39.10 ,$39.34 ,$38.53 
7/19/2022,40.22,53095320,$39.32 ,$40.73 ,$39.24 
7/20/2022,40.56,36387870,$40.21 ,$40.67 ,$39.56 
7/21/2022,40.61,29661200,$40.51 ,$40.65 ,$39.82 
7/22/2022,39.2,41349970,$40.37 ,$40.51 ,$38.94 
7/25/2022,39.16,32263400,$39.29 ,$39.41 ,$38.55 
7/26/2022,38.96,35925490,$39.10 ,$39.57 ,$38.88 
7/27/2022,40.18,42571580,$39.27 ,$40.43 ,$39.23 
7/28/2022,39.71,56662300,$40.09 ,$40.12 ,$39.04 
7/29/2022,36.31,125292400,$35.61 ,$36.62 ,$35.24 
8/1/2022,36.96,52513450,$36.05 ,$37.69 ,$36.05 
8/2/2022,36.01,53929370,$36.59 ,$36.66 ,$36.00 
8/3/2022,36.52,59513860,$36.09 ,$36.59 ,$35.26 
8/4/2022,35.66,54046260,$36.01 ,$36.10 ,$35.36 
8/5/2022,35.39,40205090,$35.35 ,$35.69 ,$35.18 
8/8/2022,35.38,41601570,$35.36 ,$35.96 ,$35.20 
8/9/2022,34.52,48202280,$35.22 ,$35.30 ,$34.40 
8/10/2022,35.37,42243300,$34.99 ,$35.40 ,$34.59 
8/11/2022,35.59,35569720,$35.64 ,$36.29 ,$35.49 
8/12/2022,36.11,37675230,$35.80 ,$36.14 ,$35.67 
8/15/2022,36.34,25400550,$36.10 ,$36.43 ,$35.71 
8/16/2022,36.19,25000240,$36.16 ,$36.58 ,$35.70 
8/17/2022,35.78,29176060,$35.81 ,$36.08 ,$35.27 
8/18/2022,36.2,24598230,$35.68 ,$36.33 ,$35.57 
8/19/2022,35.38,31425530,$35.80 ,$36.03 ,$35.19 
8/22/2022,33.84,51006130,$35.00 ,$35.06 ,$33.73 
8/23/2022,33.95,30687100,$33.98 ,$34.39 ,$33.91 
8/24/2022,33.86,25105650,$33.97 ,$33.99 ,$33.60 
8/25/2022,34.89,29799150,$33.87 ,$34.93 ,$33.82 
8/26/2022,33.36,44851480,$34.95 ,$35.03 ,$33.35 
8/29/2022,32.94,32976760,$33.23 ,$33.41 ,$32.81 
8/30/2022,32.26,40182450,$33.04 ,$33.07 ,$32.15 
8/31/2022,31.92,44074490,$32.39 ,$32.39 ,$31.77 
9/1/2022,31.76,36440680,$31.57 ,$31.83 ,$31.13 
9/2/2022,31.22,34893280,$32.21 ,$32.38 ,$31.06 
9/6/2022,30.36,46989600,$31.39 ,$31.39 ,$30.33 
9/7/2022,30.65,37329540,$30.42 ,$30.79 ,$30.05 
9/8/2022,30.75,37359470,$30.37 ,$30.85 ,$29.91 
9/9/2022,31.46,34081210,$31.19 ,$31.50 ,$31.08 
9/12/2022,31.56,38305490,$31.74 ,$31.86 ,$31.10 
9/13/2022,29.29,71417850,$30.83 ,$30.93 ,$29.25 
9/14/2022,29.18,40767170,$29.55 ,$29.77 ,$29.01 
9/15/2022,28.84,39919110,$29.15 ,$29.41 ,$28.71 
9/16/2022,29.24,72747990,$28.70 ,$29.32 ,$28.42 
9/19/2022,29.44,33151880,$29.02 ,$29.50 ,$28.90 
9/20/2022,28.96,31129030,$29.07 ,$29.17 ,$28.71 
9/21/2022,28.47,39977310,$29.15 ,$29.59 ,$28.46 
9/22/2022,28.07,36092670,$28.40 ,$28.50 ,$28.04 
9/23/2022,27.52,43491060,$27.90 ,$27.90 ,$27.19 
9/26/2022,26.97,44786410,$27.56 ,$27.70 ,$26.86 
9/27/2022,26.89,44121430,$27.40 ,$27.60 ,$26.62 
9/28/2022,27.13,40433350,$26.86 ,$27.28 ,$26.60 
9/29/2022,26.38,41831290,$26.78 ,$26.78 ,$26.19 
9/30/2022,25.77,43820960,$26.30 ,$26.57 ,$25.74 
10/3/2022,26.97,44096180,$26.33 ,$27.25 ,$26.07 
10/4/2022,27.7,42427480,$27.43 ,$27.80 ,$27.09 
10/5/2022,27.64,30119960,$27.37 ,$27.84 ,$26.89 
10/6/2022,27.18,33985130,$27.44 ,$27.76 ,$27.00 
10/7/2022,25.72,57215510,$26.17 ,$26.28 ,$25.65 
10/10/2022,25.2,43409340,$25.94 ,$25.99 ,$25.09 
10/11/2022,25.04,48134930,$25.01 ,$25.48 ,$24.69 
10/12/2022,25.33,39634060,$25.05 ,$25.52 ,$24.66 
10/13/2022,26.42,62447040,$24.73 ,$26.84 ,$24.59 
10/14/2022,25.91,48185370,$26.46 ,$26.63 ,$25.76 
10/17/2022,26.42,39416470,$26.31 ,$26.75 ,$26.17 
10/18/2022,25.87,51126850,$26.74 ,$26.96 ,$25.54 
10/19/2022,26,33882270,$25.74 ,$26.25 ,$25.69 
10/20/2022,26.08,33247690,$26.15 ,$26.95 ,$25.95 
10/21/2022,26.97,53058710,$25.85 ,$27.05 ,$25.79 
10/24/2022,27.18,43831590,$26.75 ,$27.48 ,$26.52 
10/25/2022,27.41,32205300,$27.18 ,$27.56 ,$27.00 
10/26/2022,27.21,37153930,$27.19 ,$27.80 ,$26.99 
10/27/2022,26.27,56305130,$27.45 ,$27.59 ,$26.13 
10/28/2022,29.07,91695700,$28.18 ,$29.22 ,$27.86 
10/31/2022,28.43,59507740,$29.08 ,$29.18 ,$28.05 
11/1/2022,28.3,44418730,$28.80 ,$28.85 ,$27.89 
11/2/2022,27.42,51956100,$28.27 ,$28.85 ,$27.41 
11/3/2022,27.39,39678190,$27.45 ,$27.88 ,$27.17 
11/4/2022,28.2,43051930,$27.57 ,$28.24 ,$27.41 
11/7/2022,28.41,34389780,$28.36 ,$28.47 ,$27.89 
11/8/2022,28.48,36257960,$28.76 ,$28.95 ,$27.93 
11/9/2022,27.52,30544780,$28.22 ,$28.30 ,$27.52 
11/10/2022,29.76,62943920,$28.88 ,$29.83 ,$28.65 
11/11/2022,30.43,49826520,$28.93 ,$30.63 ,$28.87 
11/14/2022,30.35,39395340,$30.34 ,$30.99 ,$30.18 
11/15/2022,30.71,40933220,$31.10 ,$31.34 ,$30.17 
11/16/2022,29.53,35582750,$30.11 ,$30.23 ,$29.44 
11/17/2022,29.89,31992740,$29.07 ,$29.95 ,$29.00 
11/18/2022,29.87,27122210,$30.26 ,$30.26 ,$29.61 
11/21/2022,28.94,36086770,$29.66 ,$29.72 ,$28.91 
11/22/2022,29.82,25584060,$29.14 ,$29.86 ,$29.06 
11/23/2022,29.67,23143870,$29.73 ,$30.08 ,$29.49 
11/25/2022,29.34,11314880,$29.68 ,$29.68 ,$29.34 
11/28/2022,28.725,28282120,$29.10 ,$29.19 ,$28.54 
11/29/2022,28.9,24361490,$28.85 ,$29.18 ,$28.74 
11/30/2022,30.07,72072530,$28.77 ,$30.08 ,$28.22 
12/1/2022,29.83,38896310,$30.24 ,$30.48 ,$29.52 
12/2/2022,29.41,31545960,$29.17 ,$29.43 ,$28.71 
12/5/2022,29.17,34040380,$29.42 ,$29.75 ,$28.89 
12/6/2022,28.6,27701190,$29.19 ,$29.31 ,$28.34 
12/7/2022,28.33,28239930,$28.28 ,$28.55 ,$28.15 
12/8/2022,28.44,28486090,$28.32 ,$28.60 ,$28.07 
12/9/2022,28.24,25641350,$28.39 ,$28.78 ,$28.19 
12/12/2022,28.69,35117870,$28.13 ,$28.71 ,$27.86 
12/13/2022,28.73,58546840,$29.79 ,$30.09 ,$28.37 
12/14/2022,28.26,37141080,$28.51 ,$29.12 ,$28.01 
12/15/2022,27.15,45682650,$27.94 ,$28.00 ,$27.12 
12/16/2022,26.92,81104230,$27.00 ,$27.14 ,$26.45 
12/19/2022,26.79,37662460,$26.90 ,$26.97 ,$26.50 
12/20/2022,26.44,31863270,$26.54 ,$26.87 ,$26.42 
12/21/2022,26.83,28100910,$26.59 ,$26.97 ,$26.58 
12/22/2022,25.97,47478310,$26.45 ,$26.45 ,$25.35 
12/23/2022,26.09,23600920,$25.92 ,$26.19 ,$25.68 
12/27/2022,25.94,29548060,$25.85 ,$26.10 ,$25.65 
12/28/2022,25.54,26176920,$25.84 ,$26.12 ,$25.50 
12/29/2022,26.21,30944830,$25.77 ,$26.29 ,$25.75 
12/30/2022,26.43,31030090,$25.90 ,$26.46 ,$25.80 
1/3/2023,26.73,31307960,$27.05 ,$27.07 ,$26.37 
1/4/2023,27.68,37665200,$27.41 ,$27.92 ,$27.16 
1/5/2023,27.56,33552550,$27.44 ,$27.78 ,$27.38 
1/6/2023,28.73,31788630,$27.93 ,$28.83 ,$27.38 
1/9/2023,29.31,37493160,$28.84 ,$29.87 ,$28.84 
1/10/2023,29.44,23008080,$29.24 ,$29.51 ,$28.92 
1/11/2023,29.85,30375380,$29.68 ,$29.88 ,$29.00 
1/12/2023,30.29,28963880,$29.98 ,$30.38 ,$29.47 
1/13/2023,30.11,31361940,$29.97 ,$30.17 ,$29.81 
1/17/2023,29.6,34759080,$30.18 ,$30.26 ,$29.52 
1/18/2023,28.81,44199580,$29.80 ,$29.82 ,$28.63 
1/19/2023,28.42,36886620,$28.61 ,$28.76 ,$28.24 
1/20/2023,29.22,35158500,$28.42 ,$29.23 ,$28.25 
1/23/2023,30.27,38795840,$29.33 ,$30.49 ,$29.18 
1/24/2023,29.92,24855130,$29.94 ,$30.19 ,$29.73 
1/25/2023,29.7,28268020,$29.52 ,$29.89 ,$29.17 
1/26/2023,30.09,56088080,$30.06 ,$30.11 ,$29.33 
1/27/2023,28.16,148548200,$27.07 ,$28.24 ,$26.78 
1/30/2023,27.95,55145770,$27.72 ,$28.51 ,$27.67 
1/31/2023,28.26,52621580,$27.78 ,$28.29 ,$27.53 
2/1/2023,29.07,63330570,$27.89 ,$29.43 ,$27.68 
2/2/2023,30.19,62230660,$29.25 ,$30.30 ,$28.80 
2/3/2023,30.32,57603100,$29.62 ,$31.17 ,$29.53 
2/6/2023,28.69,48726360,$29.55 ,$29.65 ,$28.61 
2/7/2023,29.05,50780780,$28.65 ,$29.27 ,$28.43 
2/8/2023,28.24,36479120,$28.95 ,$29.12 ,$28.21 
2/9/2023,27.73,43906380,$28.68 ,$28.82 ,$27.57 
2/10/2023,27.8,31232540,$27.63 ,$27.99 ,$27.34 
2/13/2023,28.55,32347470,$27.87 ,$28.55 ,$27.72 
2/14/2023,28.64,27928930,$28.38 ,$28.72 ,$27.99 
2/15/2023,28.85,23387680,$28.36 ,$28.88 ,$28.16 
2/16/2023,28.2,28972480,$28.50 ,$28.83 ,$28.13 
2/17/2023,27.61,32086220,$28.00 ,$28.07 ,$27.38 
2/21/2023,26.06,63668360,$27.11 ,$27.27 ,$26.04 
2/22/2023,25.47,89195320,$25.91 ,$26.90 ,$25.30 
2/23/2023,25.61,56473240,$25.78 ,$26.08 ,$25.32 
2/24/2023,25.14,44089880,$25.22 ,$25.35 ,$24.92 
2/27/2023,24.9,37656960,$25.55 ,$25.58 ,$24.88 
2/28/2023,24.93,50255300,$24.94 ,$25.12 ,$24.73 
3/1/2023,25.33,47823400,$25.03 ,$25.92 ,$24.97 
3/2/2023,26.2,48381070,$25.21 ,$26.30 ,$25.12 
3/3/2023,26.4,36744860,$26.20 ,$26.48 ,$26.01 
3/6/2023,25.99,37879840,$26.47 ,$26.54 ,$25.93 
3/7/2023,25.53,43164610,$25.84 ,$25.99 ,$25.50 
3/8/2023,25.98,36071930,$25.56 ,$26.01 ,$25.45 
3/9/2023,26.44,54886080,$25.98 ,$26.98 ,$25.97 
3/10/2023,27.22,65187030,$26.55 ,$27.52 ,$26.32 
3/13/2023,26.95,50977000,$26.74 ,$27.31 ,$26.61 
3/14/2023,28.01,47689840,$27.35 ,$28.10 ,$27.25 
3/15/2023,28.41,49322840,$27.73 ,$28.50 ,$27.66 
3/16/2023,30.18,75804230,$28.39 ,$30.27 ,$28.39 
3/17/2023,29.81,80628500,$29.92 ,$31.00 ,$29.44 
3/20/2023,29.16,38780050,$29.80 ,$29.90 ,$28.63 
3/21/2023,28.46,55650830,$29.00 ,$29.17 ,$27.98 
3/22/2023,28.13,37415540,$28.48 ,$29.12 ,$28.10 
3/23/2023,29.03,43785480,$28.38 ,$29.16 ,$28.22 
3/24/2023,29.36,55931610,$29.04 ,$29.81 ,$28.93 
3/27/2023,29.18,34758160,$29.37 ,$29.73 ,$29.08 
3/28/2023,29.29,37407870,$29.08 ,$29.33 ,$28.63 
3/29/2023,31.52,85556190,$29.77 ,$31.89 ,$29.76 
3/30/2023,32.09,70077600,$31.85 ,$32.58 ,$31.81 
